-- ============================================================================
-- Maison Vierkant India — Supabase seed (generated; do not edit by hand)
-- Source: prisma/data/catalogue.ts (auto-extracted from the HTML prototype).
-- Preserves EXACT EUR prices, dimensions, finishes, stock, projects and orders.
-- Apply AFTER supabase/schema.sql. Idempotent: truncates then re-inserts.
-- ============================================================================
BEGIN;

TRUNCATE TABLE
  "AuditLog","OrderItem","Payment","Invoice","Order","Address","CustomerNote","Customer",
  "PriceOverride","InventoryTransaction","Inventory","ProductFinish","ProductImage",
  "ProductVariant","ProductCollection","Product","Finish","Category","Collection","Project",
  "PricingRule","UploadedFile","RolePermission","User","Permission","Role","Setting"
RESTART IDENTITY CASCADE;

-- Permissions
INSERT INTO "Permission" ("id","key") VALUES
  ('dashboard.read', 'dashboard.read'),
  ('pricing.read', 'pricing.read'),
  ('pricing.manage', 'pricing.manage'),
  ('products.read', 'products.read'),
  ('products.write', 'products.write'),
  ('inventory.read', 'inventory.read'),
  ('inventory.write', 'inventory.write'),
  ('orders.read', 'orders.read'),
  ('orders.write', 'orders.write'),
  ('leads.read', 'leads.read'),
  ('leads.write', 'leads.write'),
  ('customers.read', 'customers.read'),
  ('customers.write', 'customers.write'),
  ('quotes.read', 'quotes.read'),
  ('quotes.write', 'quotes.write'),
  ('quotes.approve', 'quotes.approve'),
  ('purchase.read', 'purchase.read'),
  ('purchase.write', 'purchase.write'),
  ('settings.manage', 'settings.manage'),
  ('users.manage', 'users.manage'),
  ('audit.read', 'audit.read');

-- Roles
INSERT INTO "Role" ("id","key","label") VALUES
  ('SUPER_ADMIN', 'SUPER_ADMIN', 'Super Admin'),
  ('ADMIN', 'ADMIN', 'Admin Console'),
  ('SALES_MANAGER', 'SALES_MANAGER', 'Sales Manager'),
  ('SALES_EXECUTIVE', 'SALES_EXECUTIVE', 'Sales Console'),
  ('INVENTORY_MANAGER', 'INVENTORY_MANAGER', 'Inventory Manager'),
  ('CUSTOMER', 'CUSTOMER', 'Customer');

-- Role ↔ Permission
INSERT INTO "RolePermission" ("roleId","permissionId") VALUES
  ('SUPER_ADMIN', 'dashboard.read'),
  ('SUPER_ADMIN', 'pricing.read'),
  ('SUPER_ADMIN', 'pricing.manage'),
  ('SUPER_ADMIN', 'products.read'),
  ('SUPER_ADMIN', 'products.write'),
  ('SUPER_ADMIN', 'inventory.read'),
  ('SUPER_ADMIN', 'inventory.write'),
  ('SUPER_ADMIN', 'orders.read'),
  ('SUPER_ADMIN', 'orders.write'),
  ('SUPER_ADMIN', 'leads.read'),
  ('SUPER_ADMIN', 'leads.write'),
  ('SUPER_ADMIN', 'customers.read'),
  ('SUPER_ADMIN', 'customers.write'),
  ('SUPER_ADMIN', 'quotes.read'),
  ('SUPER_ADMIN', 'quotes.write'),
  ('SUPER_ADMIN', 'quotes.approve'),
  ('SUPER_ADMIN', 'purchase.read'),
  ('SUPER_ADMIN', 'purchase.write'),
  ('SUPER_ADMIN', 'settings.manage'),
  ('SUPER_ADMIN', 'users.manage'),
  ('SUPER_ADMIN', 'audit.read'),
  ('ADMIN', 'dashboard.read'),
  ('ADMIN', 'pricing.read'),
  ('ADMIN', 'pricing.manage'),
  ('ADMIN', 'products.read'),
  ('ADMIN', 'products.write'),
  ('ADMIN', 'inventory.read'),
  ('ADMIN', 'inventory.write'),
  ('ADMIN', 'orders.read'),
  ('ADMIN', 'orders.write'),
  ('ADMIN', 'leads.read'),
  ('ADMIN', 'leads.write'),
  ('ADMIN', 'customers.read'),
  ('ADMIN', 'customers.write'),
  ('ADMIN', 'quotes.read'),
  ('ADMIN', 'quotes.write'),
  ('ADMIN', 'quotes.approve'),
  ('ADMIN', 'purchase.read'),
  ('ADMIN', 'purchase.write'),
  ('ADMIN', 'settings.manage'),
  ('ADMIN', 'audit.read'),
  ('SALES_MANAGER', 'customers.read'),
  ('SALES_MANAGER', 'customers.write'),
  ('SALES_MANAGER', 'quotes.read'),
  ('SALES_MANAGER', 'quotes.write'),
  ('SALES_MANAGER', 'quotes.approve'),
  ('SALES_MANAGER', 'leads.read'),
  ('SALES_MANAGER', 'leads.write'),
  ('SALES_MANAGER', 'orders.read'),
  ('SALES_EXECUTIVE', 'customers.read'),
  ('SALES_EXECUTIVE', 'customers.write'),
  ('SALES_EXECUTIVE', 'quotes.read'),
  ('SALES_EXECUTIVE', 'quotes.write'),
  ('SALES_EXECUTIVE', 'leads.read'),
  ('SALES_EXECUTIVE', 'leads.write'),
  ('INVENTORY_MANAGER', 'inventory.read'),
  ('INVENTORY_MANAGER', 'inventory.write'),
  ('INVENTORY_MANAGER', 'products.read'),
  ('INVENTORY_MANAGER', 'dashboard.read');

-- Demo console users — bcrypt-hashed password for all: Maison@2026
INSERT INTO "User" ("id","email","name","passwordHash","roleId","isActive","createdAt","updatedAt") VALUES
  ('superadmin@watcon.net', 'superadmin@watcon.net', 'Super Admin', '$2b$12$qpVjDIT6pvgmAHM.o8t2/.wSHWtRUtkZ8wmkqHHYG83f7J.yXo0cu', 'SUPER_ADMIN', true, now(), now()),
  ('admin@watcon.net', 'admin@watcon.net', 'Maison Admin', '$2b$12$qpVjDIT6pvgmAHM.o8t2/.wSHWtRUtkZ8wmkqHHYG83f7J.yXo0cu', 'ADMIN', true, now(), now()),
  ('sales.manager@watcon.net', 'sales.manager@watcon.net', 'Sales Manager', '$2b$12$qpVjDIT6pvgmAHM.o8t2/.wSHWtRUtkZ8wmkqHHYG83f7J.yXo0cu', 'SALES_MANAGER', true, now(), now()),
  ('sales@watcon.net', 'sales@watcon.net', 'Sales Executive', '$2b$12$qpVjDIT6pvgmAHM.o8t2/.wSHWtRUtkZ8wmkqHHYG83f7J.yXo0cu', 'SALES_EXECUTIVE', true, now(), now()),
  ('inventory@watcon.net', 'inventory@watcon.net', 'Inventory Manager', '$2b$12$qpVjDIT6pvgmAHM.o8t2/.wSHWtRUtkZ8wmkqHHYG83f7J.yXo0cu', 'INVENTORY_MANAGER', true, now(), now());

-- Categories (series groups)
INSERT INTO "Category" ("id","key","name") VALUES
  ('cat-2025-collection', '2025 Collection', '2025 Collection'),
  ('cat-2024-collection', '2024 Collection', '2024 Collection'),
  ('cat-a-series', 'A Series', 'A Series'),
  ('cat-au-series', 'AU Series', 'AU Series'),
  ('cat-u-series', 'U Series', 'U Series'),
  ('cat-k-series', 'K Series', 'K Series'),
  ('cat-o-series', 'O Series', 'O Series'),
  ('cat-cl-series', 'CL Series', 'CL Series'),
  ('cat-b-series', 'B Series', 'B Series'),
  ('cat-dc-cs', 'DC / CS', 'DC / CS'),
  ('cat-mr-mf', 'MR / MF', 'MR / MF'),
  ('cat-hk-hv', 'HK / HV', 'HK / HV'),
  ('cat-sr-srs', 'SR / SRS', 'SR / SRS'),
  ('cat-rr-rrh', 'RR / RRH', 'RR / RRH'),
  ('cat-sp-gr', 'SP / GR', 'SP / GR'),
  ('cat-em-dm', 'EM / DM', 'EM / DM'),
  ('cat-seating', 'Seating', 'Seating'),
  ('cat-vases-accents', 'Vases & Accents', 'Vases & Accents'),
  ('cat-anthos-adamas', 'ANTHOS / ADAMAS', 'ANTHOS / ADAMAS'),
  ('cat-other-series', 'Other Series', 'Other Series');

-- Collections
INSERT INTO "Collection" ("id","slug","name") VALUES
  ('col-featured', 'featured', 'Featured Series');

-- Finishes catalogue
INSERT INTO "Finish" ("id","name") VALUES
  ('fin-natural-clay', 'Natural Clay'),
  ('fin-white', 'White'),
  ('fin-anthracite', 'Anthracite'),
  ('fin-taupe-grey', 'Taupe Grey'),
  ('fin-cork', 'Cork'),
  ('fin-ivory', 'Ivory'),
  ('fin-engobe-on-request', 'Engobe — on request'),
  ('fin-terracotta-red', 'Terracotta Red'),
  ('fin-bordeaux-red', 'Bordeaux Red'),
  ('fin-deep-blue', 'Deep Blue'),
  ('fin-nordic-white', 'Nordic White'),
  ('fin-leather-option', 'Leather Option');

-- Products
INSERT INTO "Product" ("id","code","slug","name","description","dimsSummary","eurPrice","status","categoryId","createdAt","updatedAt") VALUES
  ('ARON', 'ARON', 'aron', 'ARON', 'Grounded and defined — shown at Salone del Mobile Milano 2025. Pairs with IRIS.', 'a=108cm · b=35cm · c=85cm · d=73cm · h=81cm · 80kg', 2983, 'ACTIVE', 'cat-2025-collection', now(), now()),
  ('IRIS', 'IRIS', 'iris', 'IRIS', 'Soft open form — petals in clay. Pairs with ARON. IRIS100 and IRIS120.', 'a=110cm · b=40cm · d=92cm · h=97cm · 100kg', 3187, 'ACTIVE', 'cat-2025-collection', now(), now()),
  ('KALIS', 'KALIS', 'kalis', 'KALIS', 'Dynamic tilted form sharing KORIL''s DNA. KALIS80 and KALIS100.', 'a=82cm · b=28cm · h=58cm · 80kg', 2262, 'ACTIVE', 'cat-2025-collection', now(), now()),
  ('KORIL', 'KORIL', 'koril', 'KORIL', 'Dynamic tilted vessel — emphasises texture and interior finish. KORIL70.', 'b=68cm · h=73cm · 90kg', 2053, 'ACTIVE', 'cat-2025-collection', now(), now()),
  ('LEDA', 'LEDA', 'leda', 'LEDA', 'Centrepiece of the 2025 collection — balanced form that can be upright or tilted. LEDA90 and LEDA100.', 'a=91cm · b=22cm · h=29cm · 45kg', 1520, 'ACTIVE', 'cat-2025-collection', now(), now()),
  ('SEMINA', 'SEMINA', 'semina', 'SEMINA', 'Tall slender seed-pod form. Quiet and contemplative. SEMINA160 and SEMINA180.', 'a=29.5cm · b=29cm · c=44cm · h=162cm · 120kg', 2628, 'ACTIVE', 'cat-2025-collection', now(), now()),
  ('MIRA', 'MIRA', 'mira', 'MIRA', 'An imperfect circle — rough skin brought to perfection. MIRA70 and MIRA100.', 'a=71cm · b=46cm · h=36cm · 80kg', 1501, 'ACTIVE', 'cat-2024-collection', now(), now()),
  ('TORSA', 'TORSA', 'torsa', 'TORSA', 'Playful twisted rim — movement within ceramic form. TORSA30 and TORSA70.', 'a=95cm · b=56cm · h=30cm · 50kg', 992, 'ACTIVE', 'cat-2024-collection', now(), now()),
  ('A_Series', 'A_Series', 'a-series', 'A Series', 'The iconic Atelier Vierkant form — organic wide-based vessel tapering upward. Available A40 to A120.', 'a=47cm · b=23cm · h=40cm · 20kg · 27.5L', 116, 'ACTIVE', 'cat-a-series', now(), now()),
  ('AH_Series', 'AH_Series', 'ah-series', 'AH Series', 'Tall slender vessel rising confidently — from the modest AH50 to the monumental AH220 at 226cm.', 'a=29cm · b=17cm · h=49cm · 15kg · 14L', 134, 'ACTIVE', 'cat-a-series', now(), now()),
  ('AK_Series', 'AK_Series', 'ak-series', 'AK Series', 'A refined variant of the A form with subtly adjusted proportions. AK60 to AK120.', 'a=70cm · b=35cm · h=60cm · 40kg · 108.5L', 598, 'ACTIVE', 'cat-a-series', now(), now()),
  ('AMP', 'AMP', 'amp', 'AMP', 'Architectural column planter with a bold vertical silhouette.', 'a=25cm · b=25cm · c=80cm · h=52cm · 85kg', 1717, 'ACTIVE', 'cat-a-series', now(), now()),
  ('AS_Series', 'AS_Series', 'as-series', 'AS Series', 'Tall column vessels each given a name — Felix, Gigi, Irma, Cloë, Elio, Denise, Henri. AS60–AS170.', 'a=48cm · b=48cm · h=60cm · 60kg — Felix', 542, 'ACTIVE', 'cat-a-series', now(), now()),
  ('AU_Series', 'AU_Series', 'au-series', 'AU Series', 'Wide-mouthed bowl vessel — generous and welcoming. AU60 to AU180 plus variants AUI, AUO, AUS, AUX, AUB.', 'a=54cm · b=28cm · h=60cm · 35kg · 60L', 356, 'ACTIVE', 'cat-au-series', now(), now()),
  ('U_Series', 'U_Series', 'u-series', 'U Series', 'Atelier Vierkant''s most celebrated classic — cylindrical vessel of timeless proportion. U40 to U160.', 'Ø=40cm · b=19.5cm · h=30cm · 15kg · 18L', 117, 'ACTIVE', 'cat-u-series', now(), now()),
  ('UB', 'UB', 'ub', 'UB', 'U cylinder with bark texture. UB80.', 'Ø=78cm · b=30cm · h=68cm · 75kg · 140.4L — Bark texture', 980, 'ACTIVE', 'cat-u-series', now(), now()),
  ('UC', 'UC', 'uc', 'UC', 'Oval variant of the U form. UC50.', 'a=47cm · b=57cm · h=46cm · 20kg', 348, 'ACTIVE', 'cat-u-series', now(), now()),
  ('UE_Series', 'UE_Series', 'ue-series', 'UE Series', 'U cylinder without drainage hole — interior use. UE80, UE100, UE120.', 'Ø=78cm · h=60cm · 65kg · 140.4L', 1104, 'ACTIVE', 'cat-u-series', now(), now()),
  ('UF_Series', 'UF_Series', 'uf-series', 'UF Series', 'U cylinder with pronounced outward base flare. UF60 to UF160.', 'Ø=58cm · h=44cm · 50kg · 79.4L', 713, 'ACTIVE', 'cat-u-series', now(), now()),
  ('UFS', 'UFS', 'ufs', 'UFS', 'Very low flat UF saucer form. UFS80.', 'Ø=80cm · h=15cm · 50kg', 450, 'ACTIVE', 'cat-u-series', now(), now()),
  ('UG', 'UG', 'ug', 'UG', 'U cylinder with internal glaze. UG60.', 'Ø=60cm · h=47cm · 35kg · 79.4L', 310, 'ACTIVE', 'cat-u-series', now(), now()),
  ('UH', 'UH', 'uh', 'UH', 'Tall narrow cylinder. UH80.', 'Ø=48cm · h=72cm · 35kg', 536, 'ACTIVE', 'cat-u-series', now(), now()),
  ('UM_Series', 'UM_Series', 'um-series', 'UM Series', 'U cylinder with matt surface. UM80, UM100, UM120.', 'Ø=80cm · h=60cm · 70kg · 140.4L', 971, 'ACTIVE', 'cat-u-series', now(), now()),
  ('UO', 'UO', 'uo', 'UO', 'U cylinder with open top profile. UO80 and UO120.', 'Ø=78cm · b=30cm · h=68cm · 75kg · 140.4L', 1340, 'ACTIVE', 'cat-u-series', now(), now()),
  ('UP', 'UP', 'up', 'UP', 'U cylinder with pebbled surface. UP60.', 'Ø=60cm · h=47cm · 35kg', 364, 'ACTIVE', 'cat-u-series', now(), now()),
  ('UQ', 'UQ', 'uq', 'UQ', 'Wide squat U form. UQ100.', 'Ø=98cm · b=52cm · h=78cm · 260kg', 3180, 'ACTIVE', 'cat-u-series', now(), now()),
  ('UR_Series', 'UR_Series', 'ur-series', 'UR Series', 'Slightly shorter U cylinder. UR50 to UR120.', 'Ø=60cm · h=40cm · 30kg · 50L', 421, 'ACTIVE', 'cat-u-series', now(), now()),
  ('US_Series', 'US_Series', 'us-series', 'US Series', 'U with sandblasted surface. US60 to US120.', 'Ø=58cm · h=44cm · 35kg · 79.4L', 530, 'ACTIVE', 'cat-u-series', now(), now()),
  ('UT_Series', 'UT_Series', 'ut-series', 'UT Series', 'U with tumbled surface finish. UT80, UT100, UT120.', 'Ø=80cm · h=60cm · 70kg · 140.4L', 971, 'ACTIVE', 'cat-u-series', now(), now()),
  ('UZ_Series', 'UZ_Series', 'uz-series', 'UZ Series', 'U with zinc-effect surface. UZ60 to UZ120.', 'Ø=60cm · h=40cm · 30kg — (approx)', 421, 'ACTIVE', 'cat-u-series', now(), now()),
  ('K_Series', 'K_Series', 'k-series', 'K Series', 'Pebble planter — smooth stone-like forms. KE (elliptical), KR (round), KD (drop). 70–120cm.', 'a=50cm · b=68cm · h=36cm · 45kg', 844, 'ACTIVE', 'cat-k-series', now(), now()),
  ('KKA', 'KKA', 'kka', 'KKA', 'Rounded low bowl on wide base. KKA50, KKA80, KKA100.', 'Ø=65cm · h=44cm · 50kg', 925, 'ACTIVE', 'cat-k-series', now(), now()),
  ('KOB___KOS', 'KOB___KOS', 'kob-kos', 'KOB / KOS', 'Organic stone-form oval planters. KOB75, KOB100, KOS85, KOS100.', 'a=82cm · b=75cm · h=50cm · 50kg', 2204, 'ACTIVE', 'cat-k-series', now(), now()),
  ('KRK', 'KRK', 'krk', 'KRK', 'Tall angular column planter. KRK65 and KRK85.', 'a=35cm · b=23cm · c=64cm · h=64cm · 85kg', 720, 'ACTIVE', 'cat-k-series', now(), now()),
  ('KTL', 'KTL', 'ktl', 'KTL', 'Tall tapered column. KTL65 and KTL80.', 'a=44cm · b=23cm · c=62cm · h=63cm · 70kg', 831, 'ACTIVE', 'cat-k-series', now(), now()),
  ('KX', 'KX', 'kx', 'KX', 'Wide flat oval form. KX80.', 'a=80cm · b=104cm · h=48cm · 120kg', 2106, 'ACTIVE', 'cat-k-series', now(), now()),
  ('KL', 'KL', 'kl', 'KL', 'Tall slender column planter. KL120.', 'a=116cm · b=30cm · 60kg', 2524, 'ACTIVE', 'cat-k-series', now(), now()),
  ('O_Series', 'O_Series', 'o-series', 'O Series', 'The classic Atelier Vierkant wide shallow bowl. O60 to O165.', 'a=60cm · b=22cm · h=31cm · 30kg · 34.4L', 280, 'ACTIVE', 'cat-o-series', now(), now()),
  ('OCT', 'OCT', 'oct', 'OCT', 'Octagonal shallow bowl — four shapes (A/B/C/D), three heights (21/36/45cm). 12 models.', 'a=80cm · b=66cm · h=21cm · 45kg', 606, 'ACTIVE', 'cat-o-series', now(), now()),
  ('OD___ODB', 'OD___ODB', 'od-odb', 'OD / ODB', 'Cylinder with upturned lip. OD40 to OD60. ODB variants with colour rim accent.', 'Ø=40cm · h=45cm · 35kg · 55L', 263, 'ACTIVE', 'cat-o-series', now(), now()),
  ('OE_Series', 'OE_Series', 'oe-series', 'OE Series', 'Cylinder with pronounced outward-flared rim. OE40 to OE120.', 'Ø=44cm · h=37cm · 35kg · 45L', 235, 'ACTIVE', 'cat-o-series', now(), now()),
  ('OF_Series', 'OF_Series', 'of-series', 'OF Series', 'Oval flanged bowl. OF50 to OF120.', 'a=45cm · c=55cm · h=44cm · 30kg · 65L', 405, 'ACTIVE', 'cat-o-series', now(), now()),
  ('OP', 'OP', 'op', 'OP', 'Irregular organic vessel. OP40 and OP70.', 'a=36cm · b=29.5cm · h=38cm · 19kg', 405, 'ACTIVE', 'cat-o-series', now(), now()),
  ('OV', 'OV', 'ov', 'OV', 'Very wide shallow saucer. OV60 and OV90.', 'Ø=55cm · h=18cm · 20kg · 20L', 310, 'ACTIVE', 'cat-o-series', now(), now()),
  ('CL_Series', 'CL_Series', 'cl-series', 'CL Series', 'Classic cylinder — CL35 to CL100. The most versatile form in the collection.', 'Ø=35cm · h=35cm · 20kg · 18L', 143, 'ACTIVE', 'cat-cl-series', now(), now()),
  ('CLB', 'CLB', 'clb', 'CLB', 'Battered cylinder with slightly tapered walls. CLB60.', 'a=56cm · b=66cm · h=59.5cm · 85kg', 1018, 'ACTIVE', 'cat-cl-series', now(), now()),
  ('CLG', 'CLG', 'clg', 'CLG', 'Wide oval bowl vessel. CLG60, CLG70, CLG100.', 'a=60cm · b=63cm · h=53cm · 65kg · 113L', 919, 'ACTIVE', 'cat-cl-series', now(), now()),
  ('CLK', 'CLK', 'clk', 'CLK', 'Cylinder with standard colours only. CLK60 and CLK80.', 'Ø=60cm · h=65cm · 50kg', 941, 'ACTIVE', 'cat-cl-series', now(), now()),
  ('CLO', 'CLO', 'clo', 'CLO', 'Oval cylinder planter. CLO50 and CLO80.', 'a=46cm · b=43cm · h=50cm · 40kg', 414, 'ACTIVE', 'cat-cl-series', now(), now()),
  ('CLT', 'CLT', 'clt', 'CLT', 'Trapezium-shaped vessel with strict horizontal lines. CLT55 and CLT80.', 'a=42cm · b=56cm · h=52cm · 35kg · 65L', 553, 'ACTIVE', 'cat-cl-series', now(), now()),
  ('B_Series', 'B_Series', 'b-series', 'B Series', 'Precise square cube planters. B2080 column to B8060 wide cube. Custom sizes available.', 'a=20cm · c=20cm · h=80cm · 20kg · 16L', 129, 'ACTIVE', 'cat-b-series', now(), now()),
  ('BC_Series', 'BC_Series', 'bc-series', 'BC Series', 'Rounded rectangular trough with refined proportions. BC40, BC50, BC100.', 'a=45cm · b=50cm · h=44cm · 35kg · 75L', 365, 'ACTIVE', 'cat-b-series', now(), now()),
  ('BCH_Series', 'BCH_Series', 'bch', 'BCH', 'Cylindrical column vessel. BCH80 to BCH180.', 'a=55cm · b=60cm · h=90cm · 75kg · 225L', 1191, 'ACTIVE', 'cat-b-series', now(), now()),
  ('BL', 'BL', 'bl', 'BL', 'Extended low trough — BL180, over 1.8m in length. On request.', 'Details on demand', 2316, 'ACTIVE', 'cat-b-series', now(), now()),
  ('BR_Series', 'BR_Series', 'br-series', 'BR Series', 'Slender column cylinder — BR55 to BR120.', 'a=45cm · c=25cm · h=55cm · 30kg · 36L', 279, 'ACTIVE', 'cat-b-series', now(), now()),
  ('BRF_Series', 'BRF_Series', 'brf', 'BRF', 'Wider flanged column — BRF100 and BRF120.', 'a=50cm · c=35cm · h=100cm · 100kg · 122L', 1531, 'ACTIVE', 'cat-b-series', now(), now()),
  ('BRL_Series', 'BRL_Series', 'brl-series', 'BRL Series', 'Rectangular low trough — nine combinations of width (60–100cm) and height (40–80cm).', 'a=60cm · c=30cm · h=40cm · 40kg · 42L', 540, 'ACTIVE', 'cat-b-series', now(), now()),
  ('CC', 'CC', 'cc', 'CC', 'Small shelf saucer planter. CC50.', 'a=13cm · b=38cm · h=52cm · 10kg · 16.5L', 418, 'ACTIVE', 'cat-b-series', now(), now()),
  ('CCL', 'CCL', 'ccl', 'CCL', 'Elongated oval saucer. CCL50.', 'a=23.5cm · b=40cm · c=27.5cm · d=47.5cm · h=54cm · 30kg', 548, 'ACTIVE', 'cat-b-series', now(), now()),
  ('CK_Series', 'CK_Series', 'ck-series', 'CK Series', 'Angular square planter with straight walls. CK60, CK80 and bark CKB variants.', 'a=41cm · c=30cm · b=45cm · h=60cm · 30kg', 421, 'ACTIVE', 'cat-b-series', now(), now()),
  ('CKL', 'CKL', 'ckl', 'CKL', 'Low angular square planter. CKL35.', 'a=29cm · b=23cm · c=36cm · d=34cm · h=34cm · 15kg', 334, 'ACTIVE', 'cat-b-series', now(), now()),
  ('COP', 'COP', 'cop', 'COP', 'Geometric angular vessel — irregular pentagon profile. COP40 and COP60.', 'a=42cm · b=47cm · c=47cm · d=37cm · h=36cm · 30kg', 433, 'ACTIVE', 'cat-dc-cs', now(), now()),
  ('CS_Series', 'CS_Series', 'cs-series', 'CS Series', 'Low flat saucer disc planter — CS10 to CS60. Also CSD (double-walled version).', 'Ø=44cm · h=10cm · 5kg', 333, 'ACTIVE', 'cat-dc-cs', now(), now()),
  ('CUBE_S', 'CUBE_S', 'cube-s', 'CUBE-S', 'Square cube planter with 6cm inset rim. CUBE-S75, CUBE-S85, CUBE-SR65 rectangular.', 'a=65cm · b=65cm · h=74cm · 100kg', 1872, 'ACTIVE', 'cat-dc-cs', now(), now()),
  ('DCL', 'DCL', 'dcl', 'DCL', 'Wider decorative column. DCL50, DCL60, DCL80.', 'a=65cm · b=30cm · h=50cm · 40kg', 474, 'ACTIVE', 'cat-dc-cs', now(), now()),
  ('MF_Series', 'MF_Series', 'mf-series', 'MF Series', 'Tall irregular column vessel with dynamic lean. MF60, MF100, MF140.', 'a=41cm · b=29cm · h=56cm · 60kg', 769, 'ACTIVE', 'cat-mr-mf', now(), now()),
  ('MHR', 'MHR', 'mhr', 'MHR', 'Slender rectangular column. MHR80, MHR100, MHR120.', 'a=28cm · b=20cm · h=80cm · 20kg · 22L', 314, 'ACTIVE', 'cat-mr-mf', now(), now()),
  ('MK', 'MK', 'mk', 'MK', 'Small irregular stone form. MK30, MK35, MK40.', 'a=40cm · b=42cm · h=31.5cm · 24kg', 527, 'ACTIVE', 'cat-mr-mf', now(), now()),
  ('ML', 'ML', 'ml', 'ML', 'Square column planter. ML120 and ML125.', 'a=39cm · b=39cm · h=120cm · 60kg', 1414, 'ACTIVE', 'cat-mr-mf', now(), now()),
  ('MLS', 'MLS', 'mls', 'MLS', 'Round column planter. MLS130.', 'a=48cm · b=44cm · h=128cm · 95kg · 215L', 1503, 'ACTIVE', 'cat-mr-mf', now(), now()),
  ('MR_Series', 'MR_Series', 'mr-series', 'MR Series', 'Rounded rectangular vessel. MR65 to MR130. Also MRR (ridged), MRA (small bowls), MRB.', 'a=49cm · b=34cm · h=65cm · 30kg · 61L', 310, 'ACTIVE', 'cat-mr-mf', now(), now()),
  ('MRA', 'MRA', 'mra', 'MRA', 'Small rounded bowls. MRA45 and MRA55.', 'a=48.5cm · b=38.5cm · h=42.5cm · 25kg', 421, 'ACTIVE', 'cat-mr-mf', now(), now()),
  ('MRB', 'MRB', 'mrb', 'MRB', 'Very small rounded bowls. MRB30 and MRB35.', 'a=37.5cm · b=28cm · h=27.5cm · 15kg', 318, 'ACTIVE', 'cat-mr-mf', now(), now()),
  ('MRR_Series', 'MRR_Series', 'mrr-series', 'MRR Series', 'Ridged surface version of MR. MRR65 to MRR130.', 'a=49cm · b=34cm · h=65cm · 30kg', 450, 'ACTIVE', 'cat-mr-mf', now(), now()),
  ('MU', 'MU', 'mu', 'MU', 'Upright oval vessel. MU80, MU100, MU120.', 'a=40cm · b=29cm · h=80cm · 40kg', 405, 'ACTIVE', 'cat-mr-mf', now(), now()),
  ('MUR', 'MUR', 'mur', 'MUR', 'Ridged version of MU. MUR80, MUR100, MUR120.', 'a=44cm · b=32cm · h=80cm · 35kg', 459, 'ACTIVE', 'cat-mr-mf', now(), now()),
  ('HK_Series', 'HK_Series', 'hk-series', 'HK Series', 'Horizontal elongated bowl — dynamic low form. HK40 to HK130.', 'a=66cm · b=30cm · c=21cm · h=29cm · 20kg · 24L', 148, 'ACTIVE', 'cat-hk-hv', now(), now()),
  ('HKH', 'HKH', 'hkh', 'HKH', 'Taller variant of the HK form. HKH80 and HKH90.', 'a=60.5cm · b=47cm · c=38cm · d=27.5cm · h=81cm · 45kg', 609, 'ACTIVE', 'cat-hk-hv', now(), now()),
  ('HM', 'HM', 'hm', 'HM', 'Large oval horizontal form. HM65 and HM90.', 'a=65cm · b=52cm · c=97cm · h=48cm · 90kg', 2065, 'ACTIVE', 'cat-hk-hv', now(), now()),
  ('HV_Series', 'HV_Series', 'hv-series', 'HV Series', 'Low wide shallow bowl. HV50 to HV140. HVF80 with feet.', 'a=48cm · b=20cm · h=28cm · 20kg', 121, 'ACTIVE', 'cat-hk-hv', now(), now()),
  ('HVF', 'HVF', 'hvf', 'HVF', 'HV bowl with integrated clay feet. HVF80.', 'a=78cm · b=37cm · h=53cm · 65kg', 941, 'ACTIVE', 'cat-hk-hv', now(), now()),
  ('SB', 'SB', 'sb', 'SB', 'Shallow saucer — very low wide disc. SB15, SB30, SB45.', 'Ø=82cm · h=16cm · 30kg · 65L', 405, 'ACTIVE', 'cat-sr-srs', now(), now()),
  ('SJ', 'SJ', 'sj', 'SJ', 'Wide bowl on low foot. SJ30 and SJ40.', 'Ø=80cm · h=31cm · 50kg', 776, 'ACTIVE', 'cat-sr-srs', now(), now()),
  ('SO', 'SO', 'so', 'SO', 'Very wide shallow oval. SO80.', 'a=81cm · b=73cm · h=23cm · 25kg', 481, 'ACTIVE', 'cat-sr-srs', now(), now()),
  ('SR_Series', 'SR_Series', 'sr-series', 'SR Series', 'Flat ground-level oval disc planter. SR45 to SR150. SRD double-walled variants.', 'a=40cm · b=45cm · h=9cm · 15kg', 211, 'ACTIVE', 'cat-sr-srs', now(), now()),
  ('SRD', 'SRD', 'srd', 'SRD', 'Double-walled flat disc. SRD60, SRD75, SRD95.', 'a=50cm · b=60cm · h=12cm · 25kg', 719, 'ACTIVE', 'cat-sr-srs', now(), now()),
  ('SRS_Series', 'SRS_Series', 'srs-series', 'SRS Series', 'Round flat disc planter. SRS65 to SRS130.', 'Ø=65cm · h=17cm · 25kg', 421, 'ACTIVE', 'cat-sr-srs', now(), now()),
  ('RR_Series', 'RR_Series', 'rr-series', 'RR Series', 'Round bowl with sharp rim edge. RR80 to RR150. RRL55 small variant.', 'a=75cm · b=46cm · h=64cm · 50kg', 196, 'ACTIVE', 'cat-rr-rrh', now(), now()),
  ('RRH_Series', 'RRH_Series', 'rrh-series', 'RRH Series', 'Tall vessel with rounded base and sharp rim. RRH65 to RRH120.', 'a=54cm · b=31cm · h=65cm · 35kg', 376, 'ACTIVE', 'cat-rr-rrh', now(), now()),
  ('GR_Series', 'GR_Series', 'gr-series', 'GR Series', 'Low irregular stone-like form. GR25, GR40, GR60, GR70. Also GRS variants.', 'a=19.5cm · b=23cm · h=34cm · 15kg', 218, 'ACTIVE', 'cat-sp-gr', now(), now()),
  ('GZL', 'GZL', 'gzl', 'GZL', 'Tall column with pronounced base. GZL135, GZL160, GZL220, GZLB135.', 'a=35cm · b=30cm · c=80cm · h=135cm · 200kg', 2160, 'ACTIVE', 'cat-sp-gr', now(), now()),
  ('SP_Series', 'SP_Series', 'sp-series', 'SP Series', 'Irregular organic stone form. SP40, SP45, SP50, SP80, SP100.', 'a=35.5cm · b=30cm · c=55.5cm · h=39.5cm · 40kg', 333, 'ACTIVE', 'cat-sp-gr', now(), now()),
  ('DMB', 'DMB', 'dmb', 'DMB', 'Double-mouthed bowl — two openings on one form. DM80 and DMB80.', 'a=69cm · b=47cm · c=80cm · h=77cm · 70kg · 235L', 844, 'ACTIVE', 'cat-em-dm', now(), now()),
  ('DT_Series', 'DT_Series', 'dt-series', 'DT Series', 'Low flat disc table form. DT40, DT50, DT100.', 'a=49cm · b=64cm · c=62cm · h=37cm · 45kg', 734, 'ACTIVE', 'cat-em-dm', now(), now()),
  ('EM_Series', 'EM_Series', 'em-series', 'EM Series', 'Irregular oval bowl — asymmetric and organic. EM60 to EM100.', 'a=60cm · b=43cm · c=23cm · d=39cm · h=39cm · 30kg · 44L', 310, 'ACTIVE', 'cat-em-dm', now(), now()),
  ('Embrace_Bench', 'Embrace_Bench', 'embrace', 'EMBRACE', 'Sculptural clay bench — large clay element with Iroko wood top. 208×196cm.', 'Clay 208×196×77cm · Wood 153×30cm · Iroko wood top', 5131, 'ACTIVE', 'cat-seating', now(), now()),
  ('KH_Seating', 'KH_Seating', 'kh-seating', 'KH Seating', 'Clay seating collection — KH1, KH2 chairs; KH3 bench (60–120cm); KHL with leather seat option.', 'a=55cm · b=65cm · c=34cm · d=25cm · h=37.5cm · 75kg', 847, 'ACTIVE', 'cat-seating', now(), now()),
  ('MLH', 'MLH', 'mlh', 'MLH', 'Tall column and bench forms. MLH200 column; MLH BENCH 140 and 200.', 'a=140cm · b=50cm · h=45cm · 250kg', 3929, 'ACTIVE', 'cat-seating', now(), now()),
  ('DC_Series', 'DC_Series', 'dc-series', 'DC Series', 'Decorative small column — DC25 to DC100.', 'a=23.5cm · b=9.5cm · h=32cm · 6kg', 143, 'ACTIVE', 'cat-vases-accents', now(), now()),
  ('FGS___FGR', 'FGS___FGR', 'fgs-fgr', 'FGS / FGR', 'Slender finger-shaped column vases. FGS60, FGS70 (round). FGR55, FGR65 (irregular). Plus FGS Seat.', 'Ø=30cm · h=58cm · 15kg', 510, 'ACTIVE', 'cat-vases-accents', now(), now()),
  ('IP', 'IP', 'ip', 'IP', 'Large flat wall-panel planter. IP90.', 'a=43cm · b=92cm · c=4cm · h=74cm · 210kg', 3296, 'ACTIVE', 'cat-vases-accents', now(), now()),
  ('LC', 'LC', 'lc', 'LC', 'Low rectangular trough. LC25 and LC50.', 'a=25cm · b=50cm · h=75cm · 30kg', 495, 'ACTIVE', 'cat-vases-accents', now(), now()),
  ('LK', 'LK', 'lk', 'LK', 'Large pebble-like ground form. LK70 to LK107.', 'a=70cm · b=36cm · h=40cm · 50kg', 598, 'ACTIVE', 'cat-vases-accents', now(), now()),
  ('LMP', 'LMP', 'lmp', 'LMP', 'Tall square column. LMP70 and LMP85.', 'a=24cm · b=24cm · c=70cm · h=72cm · 125kg', 1861, 'ACTIVE', 'cat-vases-accents', now(), now()),
  ('LPS', 'LPS', 'lps', 'LPS', 'Low wide platform form. LPS80 and LPS100.', 'a=34cm · b=30cm · c=80cm · h=32cm · 30kg', 542, 'ACTIVE', 'cat-vases-accents', now(), now()),
  ('LR', 'LR', 'lr', 'LR', 'Rectangular low trough. LR70 and LR120.', 'a=37cm · b=34cm · c=74cm · h=33.5cm · 50kg', 584, 'ACTIVE', 'cat-vases-accents', now(), now()),
  ('LRC', 'LRC', 'lrc', 'LRC', 'Metallic-finish rectangular trough. LRC70 and LRC120.', 'a=32cm · b=40cm · c=72cm · h=38cm · 60kg', 584, 'ACTIVE', 'cat-vases-accents', now(), now()),
  ('ADAMAS', 'ADAMAS', 'adamas', 'ADAMAS', 'Faceted bowl form with angular surfaces. The geometric texture catches light uniquely on each piece.', 'a=69cm · b=78cm · h=54cm · 60kg', 1501, 'ACTIVE', 'cat-anthos-adamas', now(), now()),
  ('ANTHOS', 'ANTHOS', 'anthos', 'ANTHOS', 'A commanding sculptural form inspired by seed and bloom. ANTHOS50 to ANTHOS180.', 'a=81cm · b=102.5cm · h=53.5cm · 110kg', 1568, 'ACTIVE', 'cat-anthos-adamas', now(), now()),
  ('CB', 'CB', 'cb', 'CB', 'Rounded stone-form bowl. CB50, CB70, CB100.', 'a=53cm · h=41cm · 35kg', 375, 'ACTIVE', 'cat-other-series', now(), now()),
  ('CBH_Series', 'CBH_Series', 'cbh-series', 'CBH Series', 'Slim upright cylinder, four sizes. CBH80 to CBH180.', 'a=32cm · h=80cm · 40kg', 633, 'ACTIVE', 'cat-other-series', now(), now()),
  ('CLE', 'CLE', 'cle', 'CLE', 'Flat wall-mount oval planter. CLE30, CLE50, CLE60.', 'a=28.5cm · b=40cm · c=5cm · h=28cm · 20kg', 349, 'ACTIVE', 'cat-other-series', now(), now()),
  ('PB', 'PB', 'pb', 'PB', 'Flat indoor planter base. PB60.', 'Ø=60cm · h=10cm · 20kg — Indoor use only', 318, 'ACTIVE', 'cat-other-series', now(), now()),
  ('PL___PLU', 'PL___PLU', 'pl-plu', 'PL / PLU', 'Low flat platter form. PL60, PL80; PLU variants.', 'Ø=60cm · h=10.5cm · 25kg', 296, 'ACTIVE', 'cat-other-series', now(), now()),
  ('PT', 'PT', 'pt', 'PT', 'Low flat organic form. PT60 and PT70.', 'a=59cm · b=62cm · c=35cm · d=57cm · h=19.5cm · 38kg', 774, 'ACTIVE', 'cat-other-series', now(), now()),
  ('RB___RBC', 'RB___RBC', 'rb-rbc', 'RB / RBC', 'Open vase and closed pedestal form. RB5060 open; RBC5060 solid.', 'Ø=50cm · h=60cm · 60kg — Open vase', 630, 'ACTIVE', 'cat-other-series', now(), now()),
  ('SY___SYD', 'SY___SYD', 'sy-syd', 'SY / SYD', 'Tall oval column planter. SY70, SY90; SYD90 with double wall.', 'a=40cm · b=22cm · h=72cm · 40kg', 407, 'ACTIVE', 'cat-other-series', now(), now()),
  ('TA', 'TA', 'ta', 'TA', 'Small stone-form vessel. TA30 and TA50.', 'a=24.5cm · b=41cm · h=32.5cm · 15kg', 274, 'ACTIVE', 'cat-other-series', now(), now()),
  ('TAALO', 'TAALO', 'taalo', 'TAALO', 'Large vessel with irregular wavy top rim. Bordeaux red and dark green textures. TAALO90, TAALO100.', 'a=91cm · b=45cm · h=60cm · 100kg', 2077, 'ACTIVE', 'cat-other-series', now(), now()),
  ('TAH', 'TAH', 'tah', 'TAH', 'Small rectangular column. TAH45, TAH50, TAH70, TAH80.', 'a=20×16.5cm · b=26.5×20.5cm · h=45cm · 15kg', 376, 'ACTIVE', 'cat-other-series', now(), now()),
  ('TAJ', 'TAJ', 'taj', 'TAJ', 'Oval flat saucer and tall column. TAJ50, TAJ100, TAJ150.', 'a=51cm · c=78cm · h=46cm · 65kg', 869, 'ACTIVE', 'cat-other-series', now(), now()),
  ('TW', 'TW', 'tw', 'TW', 'Small irregular organic form. TW30, TW35, TW40.', 'a=56cm · b=45cm · h=33cm · 50kg', 436, 'ACTIVE', 'cat-other-series', now(), now()),
  ('ZB', 'ZB', 'zb', 'ZB', 'Square cube with bevelled edges. ZB50 and ZB60.', 'Ø=50cm · h=50cm — details on request', 1007, 'ACTIVE', 'cat-other-series', now(), now()),
  ('ZS', 'ZS', 'zs', 'ZS', 'Rectangular low trough. ZS4555, ZS4070.', 'a=45cm · b=55cm — details on request', 1060, 'ACTIVE', 'cat-other-series', now(), now()),
  ('ZSL', 'ZSL', 'zsl', 'ZSL', 'Tall square column. ZSL90.', 'h=90cm — details on request', 1674, 'ACTIVE', 'cat-other-series', now(), now());

-- Product images
INSERT INTO "ProductImage" ("id","productId","url","type","sort") VALUES
  ('ARON-img-0', 'ARON', 'https://wsrv.nl/?url=http%3A%2F%2Fvierkant.pixeo.be%2Fengine%2Fhandlers%2Fimage.asp%3Ft%3Dprojectslides%26i%3D731%26w%3D800%26c%3Dfalse', 'HERO', 0),
  ('ARON-img-1', 'ARON', 'https://wsrv.nl/?url=http%3A%2F%2Fvierkant.pixeo.be%2Fengine%2Fhandlers%2Fimage.asp%3Ft%3Dprojectslides%26i%3D732%26w%3D800%26c%3Dfalse', 'GALLERY', 1),
  ('ARON-img-2', 'ARON', 'https://wsrv.nl/?url=http%3A%2F%2Fvierkant.pixeo.be%2Fengine%2Fhandlers%2Fimage.asp%3Ft%3Dprojectslides%26i%3D733%26w%3D800%26c%3Dfalse', 'GALLERY', 2),
  ('IRIS-img-0', 'IRIS', 'https://wsrv.nl/?url=http%3A%2F%2Fvierkant.pixeo.be%2Fengine%2Fhandlers%2Fimage.asp%3Ft%3Dprojectslides%26i%3D734%26w%3D800%26c%3Dfalse', 'HERO', 0),
  ('IRIS-img-1', 'IRIS', 'https://wsrv.nl/?url=http%3A%2F%2Fvierkant.pixeo.be%2Fengine%2Fhandlers%2Fimage.asp%3Ft%3Dprojectslides%26i%3D731%26w%3D800%26c%3Dfalse', 'GALLERY', 1),
  ('IRIS-img-2', 'IRIS', 'https://wsrv.nl/?url=http%3A%2F%2Fvierkant.pixeo.be%2Fengine%2Fhandlers%2Fimage.asp%3Ft%3Dprojectslides%26i%3D732%26w%3D800%26c%3Dfalse', 'GALLERY', 2),
  ('KALIS-img-0', 'KALIS', 'https://wsrv.nl/?url=http%3A%2F%2Fvierkant.pixeo.be%2Fengine%2Fhandlers%2Fimage.asp%3Ft%3Dprojectslides%26i%3D725%26w%3D800%26c%3Dfalse', 'HERO', 0),
  ('KALIS-img-1', 'KALIS', 'https://wsrv.nl/?url=http%3A%2F%2Fvierkant.pixeo.be%2Fengine%2Fhandlers%2Fimage.asp%3Ft%3Dprojectslides%26i%3D724%26w%3D800%26c%3Dfalse', 'GALLERY', 1),
  ('KALIS-img-2', 'KALIS', 'https://wsrv.nl/?url=http%3A%2F%2Fvierkant.pixeo.be%2Fengine%2Fhandlers%2Fimage.asp%3Ft%3Dprojectslides%26i%3D727%26w%3D800%26c%3Dfalse', 'GALLERY', 2),
  ('KORIL-img-0', 'KORIL', 'https://wsrv.nl/?url=http%3A%2F%2Fvierkant.pixeo.be%2Fengine%2Fhandlers%2Fimage.asp%3Ft%3Dprojectslides%26i%3D727%26w%3D800%26c%3Dfalse', 'HERO', 0),
  ('KORIL-img-1', 'KORIL', 'https://wsrv.nl/?url=http%3A%2F%2Fvierkant.pixeo.be%2Fengine%2Fhandlers%2Fimage.asp%3Ft%3Dprojectslides%26i%3D726%26w%3D800%26c%3Dfalse', 'GALLERY', 1),
  ('KORIL-img-2', 'KORIL', 'https://wsrv.nl/?url=http%3A%2F%2Fvierkant.pixeo.be%2Fengine%2Fhandlers%2Fimage.asp%3Ft%3Dprojectslides%26i%3D723%26w%3D800%26c%3Dfalse', 'GALLERY', 2),
  ('LEDA-img-0', 'LEDA', 'https://wsrv.nl/?url=http%3A%2F%2Fvierkant.pixeo.be%2Fengine%2Fhandlers%2Fimage.asp%3Ft%3Dprojectslides%26i%3D723%26w%3D800%26c%3Dfalse', 'HERO', 0),
  ('LEDA-img-1', 'LEDA', 'https://wsrv.nl/?url=http%3A%2F%2Fvierkant.pixeo.be%2Fengine%2Fhandlers%2Fimage.asp%3Ft%3Dprojectslides%26i%3D724%26w%3D800%26c%3Dfalse', 'GALLERY', 1),
  ('LEDA-img-2', 'LEDA', 'https://wsrv.nl/?url=http%3A%2F%2Fvierkant.pixeo.be%2Fengine%2Fhandlers%2Fimage.asp%3Ft%3Dprojectslides%26i%3D725%26w%3D800%26c%3Dfalse', 'GALLERY', 2),
  ('LEDA-img-3', 'LEDA', 'https://wsrv.nl/?url=http%3A%2F%2Fvierkant.pixeo.be%2Fengine%2Fhandlers%2Fimage.asp%3Ft%3Dprojectslides%26i%3D727%26w%3D800%26c%3Dfalse', 'GALLERY', 3),
  ('SEMINA-img-0', 'SEMINA', 'https://wsrv.nl/?url=http%3A%2F%2Fvierkant.pixeo.be%2Fengine%2Fhandlers%2Fimage.asp%3Ft%3Dprojectslides%26i%3D733%26w%3D800%26c%3Dfalse', 'HERO', 0),
  ('SEMINA-img-1', 'SEMINA', 'https://wsrv.nl/?url=http%3A%2F%2Fvierkant.pixeo.be%2Fengine%2Fhandlers%2Fimage.asp%3Ft%3Dprojectslides%26i%3D734%26w%3D800%26c%3Dfalse', 'GALLERY', 1),
  ('SEMINA-img-2', 'SEMINA', 'https://wsrv.nl/?url=http%3A%2F%2Fvierkant.pixeo.be%2Fengine%2Fhandlers%2Fimage.asp%3Ft%3Dprojectslides%26i%3D735%26w%3D800%26c%3Dfalse', 'GALLERY', 2),
  ('MIRA-img-0', 'MIRA', 'https://wsrv.nl/?url=http%3A%2F%2Fvierkant.pixeo.be%2Fengine%2Fhandlers%2Fimage.asp%3Ft%3Dprojectslides%26i%3D697%26w%3D800%26c%3Dfalse', 'HERO', 0),
  ('MIRA-img-1', 'MIRA', 'https://wsrv.nl/?url=http%3A%2F%2Fvierkant.pixeo.be%2Fengine%2Fhandlers%2Fimage.asp%3Ft%3Dprojectslides%26i%3D696%26w%3D800%26c%3Dfalse', 'GALLERY', 1),
  ('MIRA-img-2', 'MIRA', 'https://wsrv.nl/?url=http%3A%2F%2Fvierkant.pixeo.be%2Fengine%2Fhandlers%2Fimage.asp%3Ft%3Dprojectslides%26i%3D701%26w%3D800%26c%3Dfalse', 'GALLERY', 2),
  ('MIRA-img-3', 'MIRA', 'https://wsrv.nl/?url=http%3A%2F%2Fvierkant.pixeo.be%2Fengine%2Fhandlers%2Fimage.asp%3Ft%3Dprojectslides%26i%3D702%26w%3D800%26c%3Dfalse', 'GALLERY', 3),
  ('TORSA-img-0', 'TORSA', 'https://wsrv.nl/?url=http%3A%2F%2Fvierkant.pixeo.be%2Fengine%2Fhandlers%2Fimage.asp%3Ft%3Dprojectslides%26i%3D696%26w%3D800%26c%3Dfalse', 'HERO', 0),
  ('TORSA-img-1', 'TORSA', 'https://wsrv.nl/?url=http%3A%2F%2Fvierkant.pixeo.be%2Fengine%2Fhandlers%2Fimage.asp%3Ft%3Dprojectslides%26i%3D697%26w%3D800%26c%3Dfalse', 'GALLERY', 1),
  ('TORSA-img-2', 'TORSA', 'https://wsrv.nl/?url=http%3A%2F%2Fvierkant.pixeo.be%2Fengine%2Fhandlers%2Fimage.asp%3Ft%3Dprojectslides%26i%3D701%26w%3D800%26c%3Dfalse', 'GALLERY', 2),
  ('A_Series-img-0', 'A_Series', 'https://wsrv.nl/?url=http%3A%2F%2Fvierkant.pixeo.be%2Fengine%2Fhandlers%2Fimage.asp%3Ft%3Dprojectslides%26i%3D543%26w%3D800%26c%3Dfalse', 'HERO', 0),
  ('A_Series-img-1', 'A_Series', 'https://wsrv.nl/?url=http%3A%2F%2Fvierkant.pixeo.be%2Fengine%2Fhandlers%2Fimage.asp%3Ft%3Dprojectslides%26i%3D545%26w%3D800%26c%3Dfalse', 'GALLERY', 1),
  ('A_Series-img-2', 'A_Series', 'https://wsrv.nl/?url=http%3A%2F%2Fvierkant.pixeo.be%2Fengine%2Fhandlers%2Fimage.asp%3Ft%3Dprojectslides%26i%3D542%26w%3D800%26c%3Dfalse', 'GALLERY', 2),
  ('A_Series-img-3', 'A_Series', 'https://wsrv.nl/?url=http%3A%2F%2Fvierkant.pixeo.be%2Fengine%2Fhandlers%2Fimage.asp%3Ft%3Dprojectslides%26i%3D548%26w%3D800%26c%3Dfalse', 'GALLERY', 3),
  ('AH_Series-img-0', 'AH_Series', 'https://wsrv.nl/?url=http%3A%2F%2Fvierkant.pixeo.be%2Fengine%2Fhandlers%2Fimage.asp%3Ft%3Dprojectslides%26i%3D549%26w%3D800%26c%3Dfalse', 'HERO', 0),
  ('AH_Series-img-1', 'AH_Series', 'https://wsrv.nl/?url=http%3A%2F%2Fvierkant.pixeo.be%2Fengine%2Fhandlers%2Fimage.asp%3Ft%3Dprojectslides%26i%3D550%26w%3D800%26c%3Dfalse', 'GALLERY', 1),
  ('AH_Series-img-2', 'AH_Series', 'https://wsrv.nl/?url=http%3A%2F%2Fvierkant.pixeo.be%2Fengine%2Fhandlers%2Fimage.asp%3Ft%3Dprojectslides%26i%3D548%26w%3D800%26c%3Dfalse', 'GALLERY', 2),
  ('AK_Series-img-0', 'AK_Series', 'https://wsrv.nl/?url=http%3A%2F%2Fvierkant.pixeo.be%2Fengine%2Fhandlers%2Fimage.asp%3Ft%3Dprojectslides%26i%3D544%26w%3D800%26c%3Dfalse', 'HERO', 0),
  ('AK_Series-img-1', 'AK_Series', 'https://wsrv.nl/?url=http%3A%2F%2Fvierkant.pixeo.be%2Fengine%2Fhandlers%2Fimage.asp%3Ft%3Dprojectslides%26i%3D546%26w%3D800%26c%3Dfalse', 'GALLERY', 1),
  ('AK_Series-img-2', 'AK_Series', 'https://wsrv.nl/?url=http%3A%2F%2Fvierkant.pixeo.be%2Fengine%2Fhandlers%2Fimage.asp%3Ft%3Dprojectslides%26i%3D543%26w%3D800%26c%3Dfalse', 'GALLERY', 2),
  ('AMP-img-0', 'AMP', 'https://wsrv.nl/?url=http%3A%2F%2Fvierkant.pixeo.be%2Fengine%2Fhandlers%2Fimage.asp%3Ft%3Dprojectslides%26i%3D543%26w%3D800%26c%3Dfalse', 'HERO', 0),
  ('AMP-img-1', 'AMP', 'https://wsrv.nl/?url=http%3A%2F%2Fvierkant.pixeo.be%2Fengine%2Fhandlers%2Fimage.asp%3Ft%3Dprojectslides%26i%3D548%26w%3D800%26c%3Dfalse', 'GALLERY', 1),
  ('AS_Series-img-0', 'AS_Series', 'https://wsrv.nl/?url=http%3A%2F%2Fvierkant.pixeo.be%2Fengine%2Fhandlers%2Fimage.asp%3Ft%3Dprojectslides%26i%3D549%26w%3D800%26c%3Dfalse', 'HERO', 0),
  ('AS_Series-img-1', 'AS_Series', 'https://wsrv.nl/?url=http%3A%2F%2Fvierkant.pixeo.be%2Fengine%2Fhandlers%2Fimage.asp%3Ft%3Dprojectslides%26i%3D550%26w%3D800%26c%3Dfalse', 'GALLERY', 1),
  ('AS_Series-img-2', 'AS_Series', 'https://wsrv.nl/?url=http%3A%2F%2Fvierkant.pixeo.be%2Fengine%2Fhandlers%2Fimage.asp%3Ft%3Dprojectslides%26i%3D548%26w%3D800%26c%3Dfalse', 'GALLERY', 2),
  ('AU_Series-img-0', 'AU_Series', 'https://wsrv.nl/?url=http%3A%2F%2Fvierkant.pixeo.be%2Fengine%2Fhandlers%2Fimage.asp%3Ft%3Dprojectslides%26i%3D547%26w%3D800%26c%3Dfalse', 'HERO', 0),
  ('AU_Series-img-1', 'AU_Series', 'https://wsrv.nl/?url=http%3A%2F%2Fvierkant.pixeo.be%2Fengine%2Fhandlers%2Fimage.asp%3Ft%3Dprojectslides%26i%3D549%26w%3D800%26c%3Dfalse', 'GALLERY', 1),
  ('AU_Series-img-2', 'AU_Series', 'https://wsrv.nl/?url=http%3A%2F%2Fvierkant.pixeo.be%2Fengine%2Fhandlers%2Fimage.asp%3Ft%3Dprojectslides%26i%3D543%26w%3D800%26c%3Dfalse', 'GALLERY', 2),
  ('U_Series-img-0', 'U_Series', 'https://wsrv.nl/?url=http%3A%2F%2Fvierkant.pixeo.be%2Fengine%2Fhandlers%2Fimage.asp%3Ft%3Dprojectslides%26i%3D548%26w%3D800%26c%3Dfalse', 'HERO', 0),
  ('U_Series-img-1', 'U_Series', 'https://wsrv.nl/?url=http%3A%2F%2Fvierkant.pixeo.be%2Fengine%2Fhandlers%2Fimage.asp%3Ft%3Dprojectslides%26i%3D543%26w%3D800%26c%3Dfalse', 'GALLERY', 1),
  ('U_Series-img-2', 'U_Series', 'https://wsrv.nl/?url=http%3A%2F%2Fvierkant.pixeo.be%2Fengine%2Fhandlers%2Fimage.asp%3Ft%3Dprojectslides%26i%3D545%26w%3D800%26c%3Dfalse', 'GALLERY', 2),
  ('U_Series-img-3', 'U_Series', 'https://wsrv.nl/?url=http%3A%2F%2Fvierkant.pixeo.be%2Fengine%2Fhandlers%2Fimage.asp%3Ft%3Dprojectslides%26i%3D542%26w%3D800%26c%3Dfalse', 'GALLERY', 3),
  ('UB-img-0', 'UB', 'https://wsrv.nl/?url=http%3A%2F%2Fvierkant.pixeo.be%2Fengine%2Fhandlers%2Fimage.asp%3Ft%3Dprojectslides%26i%3D546%26w%3D800%26c%3Dfalse', 'HERO', 0),
  ('UB-img-1', 'UB', 'https://wsrv.nl/?url=http%3A%2F%2Fvierkant.pixeo.be%2Fengine%2Fhandlers%2Fimage.asp%3Ft%3Dprojectslides%26i%3D548%26w%3D800%26c%3Dfalse', 'GALLERY', 1),
  ('UC-img-0', 'UC', 'https://wsrv.nl/?url=http%3A%2F%2Fvierkant.pixeo.be%2Fengine%2Fhandlers%2Fimage.asp%3Ft%3Dprojectslides%26i%3D543%26w%3D800%26c%3Dfalse', 'HERO', 0),
  ('UC-img-1', 'UC', 'https://wsrv.nl/?url=http%3A%2F%2Fvierkant.pixeo.be%2Fengine%2Fhandlers%2Fimage.asp%3Ft%3Dprojectslides%26i%3D548%26w%3D800%26c%3Dfalse', 'GALLERY', 1),
  ('UE_Series-img-0', 'UE_Series', 'https://wsrv.nl/?url=http%3A%2F%2Fvierkant.pixeo.be%2Fengine%2Fhandlers%2Fimage.asp%3Ft%3Dprojectslides%26i%3D548%26w%3D800%26c%3Dfalse', 'HERO', 0),
  ('UE_Series-img-1', 'UE_Series', 'https://wsrv.nl/?url=http%3A%2F%2Fvierkant.pixeo.be%2Fengine%2Fhandlers%2Fimage.asp%3Ft%3Dprojectslides%26i%3D543%26w%3D800%26c%3Dfalse', 'GALLERY', 1),
  ('UF_Series-img-0', 'UF_Series', 'https://wsrv.nl/?url=http%3A%2F%2Fvierkant.pixeo.be%2Fengine%2Fhandlers%2Fimage.asp%3Ft%3Dprojectslides%26i%3D549%26w%3D800%26c%3Dfalse', 'HERO', 0),
  ('UF_Series-img-1', 'UF_Series', 'https://wsrv.nl/?url=http%3A%2F%2Fvierkant.pixeo.be%2Fengine%2Fhandlers%2Fimage.asp%3Ft%3Dprojectslides%26i%3D543%26w%3D800%26c%3Dfalse', 'GALLERY', 1),
  ('UF_Series-img-2', 'UF_Series', 'https://wsrv.nl/?url=http%3A%2F%2Fvierkant.pixeo.be%2Fengine%2Fhandlers%2Fimage.asp%3Ft%3Dprojectslides%26i%3D546%26w%3D800%26c%3Dfalse', 'GALLERY', 2),
  ('UFS-img-0', 'UFS', 'https://wsrv.nl/?url=http%3A%2F%2Fvierkant.pixeo.be%2Fengine%2Fhandlers%2Fimage.asp%3Ft%3Dprojectslides%26i%3D543%26w%3D800%26c%3Dfalse', 'HERO', 0),
  ('UFS-img-1', 'UFS', 'https://wsrv.nl/?url=http%3A%2F%2Fvierkant.pixeo.be%2Fengine%2Fhandlers%2Fimage.asp%3Ft%3Dprojectslides%26i%3D548%26w%3D800%26c%3Dfalse', 'GALLERY', 1),
  ('UG-img-0', 'UG', 'https://wsrv.nl/?url=http%3A%2F%2Fvierkant.pixeo.be%2Fengine%2Fhandlers%2Fimage.asp%3Ft%3Dprojectslides%26i%3D543%26w%3D800%26c%3Dfalse', 'HERO', 0),
  ('UG-img-1', 'UG', 'https://wsrv.nl/?url=http%3A%2F%2Fvierkant.pixeo.be%2Fengine%2Fhandlers%2Fimage.asp%3Ft%3Dprojectslides%26i%3D548%26w%3D800%26c%3Dfalse', 'GALLERY', 1),
  ('UH-img-0', 'UH', 'https://wsrv.nl/?url=http%3A%2F%2Fvierkant.pixeo.be%2Fengine%2Fhandlers%2Fimage.asp%3Ft%3Dprojectslides%26i%3D543%26w%3D800%26c%3Dfalse', 'HERO', 0),
  ('UH-img-1', 'UH', 'https://wsrv.nl/?url=http%3A%2F%2Fvierkant.pixeo.be%2Fengine%2Fhandlers%2Fimage.asp%3Ft%3Dprojectslides%26i%3D548%26w%3D800%26c%3Dfalse', 'GALLERY', 1),
  ('UM_Series-img-0', 'UM_Series', 'https://wsrv.nl/?url=http%3A%2F%2Fvierkant.pixeo.be%2Fengine%2Fhandlers%2Fimage.asp%3Ft%3Dprojectslides%26i%3D548%26w%3D800%26c%3Dfalse', 'HERO', 0),
  ('UM_Series-img-1', 'UM_Series', 'https://wsrv.nl/?url=http%3A%2F%2Fvierkant.pixeo.be%2Fengine%2Fhandlers%2Fimage.asp%3Ft%3Dprojectslides%26i%3D543%26w%3D800%26c%3Dfalse', 'GALLERY', 1),
  ('UO-img-0', 'UO', 'https://wsrv.nl/?url=http%3A%2F%2Fvierkant.pixeo.be%2Fengine%2Fhandlers%2Fimage.asp%3Ft%3Dprojectslides%26i%3D548%26w%3D800%26c%3Dfalse', 'HERO', 0),
  ('UO-img-1', 'UO', 'https://wsrv.nl/?url=http%3A%2F%2Fvierkant.pixeo.be%2Fengine%2Fhandlers%2Fimage.asp%3Ft%3Dprojectslides%26i%3D543%26w%3D800%26c%3Dfalse', 'GALLERY', 1),
  ('UP-img-0', 'UP', 'https://wsrv.nl/?url=http%3A%2F%2Fvierkant.pixeo.be%2Fengine%2Fhandlers%2Fimage.asp%3Ft%3Dprojectslides%26i%3D543%26w%3D800%26c%3Dfalse', 'HERO', 0),
  ('UP-img-1', 'UP', 'https://wsrv.nl/?url=http%3A%2F%2Fvierkant.pixeo.be%2Fengine%2Fhandlers%2Fimage.asp%3Ft%3Dprojectslides%26i%3D548%26w%3D800%26c%3Dfalse', 'GALLERY', 1),
  ('UQ-img-0', 'UQ', 'https://wsrv.nl/?url=http%3A%2F%2Fvierkant.pixeo.be%2Fengine%2Fhandlers%2Fimage.asp%3Ft%3Dprojectslides%26i%3D543%26w%3D800%26c%3Dfalse', 'HERO', 0),
  ('UQ-img-1', 'UQ', 'https://wsrv.nl/?url=http%3A%2F%2Fvierkant.pixeo.be%2Fengine%2Fhandlers%2Fimage.asp%3Ft%3Dprojectslides%26i%3D548%26w%3D800%26c%3Dfalse', 'GALLERY', 1),
  ('UR_Series-img-0', 'UR_Series', 'https://wsrv.nl/?url=http%3A%2F%2Fvierkant.pixeo.be%2Fengine%2Fhandlers%2Fimage.asp%3Ft%3Dprojectslides%26i%3D543%26w%3D800%26c%3Dfalse', 'HERO', 0),
  ('UR_Series-img-1', 'UR_Series', 'https://wsrv.nl/?url=http%3A%2F%2Fvierkant.pixeo.be%2Fengine%2Fhandlers%2Fimage.asp%3Ft%3Dprojectslides%26i%3D548%26w%3D800%26c%3Dfalse', 'GALLERY', 1),
  ('UR_Series-img-2', 'UR_Series', 'https://wsrv.nl/?url=http%3A%2F%2Fvierkant.pixeo.be%2Fengine%2Fhandlers%2Fimage.asp%3Ft%3Dprojectslides%26i%3D545%26w%3D800%26c%3Dfalse', 'GALLERY', 2),
  ('US_Series-img-0', 'US_Series', 'https://wsrv.nl/?url=http%3A%2F%2Fvierkant.pixeo.be%2Fengine%2Fhandlers%2Fimage.asp%3Ft%3Dprojectslides%26i%3D543%26w%3D800%26c%3Dfalse', 'HERO', 0),
  ('US_Series-img-1', 'US_Series', 'https://wsrv.nl/?url=http%3A%2F%2Fvierkant.pixeo.be%2Fengine%2Fhandlers%2Fimage.asp%3Ft%3Dprojectslides%26i%3D548%26w%3D800%26c%3Dfalse', 'GALLERY', 1),
  ('US_Series-img-2', 'US_Series', 'https://wsrv.nl/?url=http%3A%2F%2Fvierkant.pixeo.be%2Fengine%2Fhandlers%2Fimage.asp%3Ft%3Dprojectslides%26i%3D545%26w%3D800%26c%3Dfalse', 'GALLERY', 2),
  ('UT_Series-img-0', 'UT_Series', 'https://wsrv.nl/?url=http%3A%2F%2Fvierkant.pixeo.be%2Fengine%2Fhandlers%2Fimage.asp%3Ft%3Dprojectslides%26i%3D548%26w%3D800%26c%3Dfalse', 'HERO', 0),
  ('UT_Series-img-1', 'UT_Series', 'https://wsrv.nl/?url=http%3A%2F%2Fvierkant.pixeo.be%2Fengine%2Fhandlers%2Fimage.asp%3Ft%3Dprojectslides%26i%3D543%26w%3D800%26c%3Dfalse', 'GALLERY', 1),
  ('UZ_Series-img-0', 'UZ_Series', 'https://wsrv.nl/?url=http%3A%2F%2Fvierkant.pixeo.be%2Fengine%2Fhandlers%2Fimage.asp%3Ft%3Dprojectslides%26i%3D543%26w%3D800%26c%3Dfalse', 'HERO', 0),
  ('UZ_Series-img-1', 'UZ_Series', 'https://wsrv.nl/?url=http%3A%2F%2Fvierkant.pixeo.be%2Fengine%2Fhandlers%2Fimage.asp%3Ft%3Dprojectslides%26i%3D548%26w%3D800%26c%3Dfalse', 'GALLERY', 1),
  ('UZ_Series-img-2', 'UZ_Series', 'https://wsrv.nl/?url=http%3A%2F%2Fvierkant.pixeo.be%2Fengine%2Fhandlers%2Fimage.asp%3Ft%3Dprojectslides%26i%3D545%26w%3D800%26c%3Dfalse', 'GALLERY', 2),
  ('K_Series-img-0', 'K_Series', 'https://wsrv.nl/?url=http%3A%2F%2Fvierkant.pixeo.be%2Fengine%2Fhandlers%2Fimage.asp%3Ft%3Dprojectslides%26i%3D724%26w%3D800%26c%3Dfalse', 'HERO', 0),
  ('K_Series-img-1', 'K_Series', 'https://wsrv.nl/?url=http%3A%2F%2Fvierkant.pixeo.be%2Fengine%2Fhandlers%2Fimage.asp%3Ft%3Dprojectslides%26i%3D725%26w%3D800%26c%3Dfalse', 'GALLERY', 1),
  ('K_Series-img-2', 'K_Series', 'https://wsrv.nl/?url=http%3A%2F%2Fvierkant.pixeo.be%2Fengine%2Fhandlers%2Fimage.asp%3Ft%3Dprojectslides%26i%3D727%26w%3D800%26c%3Dfalse', 'GALLERY', 2),
  ('KKA-img-0', 'KKA', 'https://wsrv.nl/?url=http%3A%2F%2Fvierkant.pixeo.be%2Fengine%2Fhandlers%2Fimage.asp%3Ft%3Dprojectslides%26i%3D724%26w%3D800%26c%3Dfalse', 'HERO', 0),
  ('KKA-img-1', 'KKA', 'https://wsrv.nl/?url=http%3A%2F%2Fvierkant.pixeo.be%2Fengine%2Fhandlers%2Fimage.asp%3Ft%3Dprojectslides%26i%3D727%26w%3D800%26c%3Dfalse', 'GALLERY', 1),
  ('KOB___KOS-img-0', 'KOB___KOS', 'https://wsrv.nl/?url=http%3A%2F%2Fvierkant.pixeo.be%2Fengine%2Fhandlers%2Fimage.asp%3Ft%3Dprojectslides%26i%3D724%26w%3D800%26c%3Dfalse', 'HERO', 0),
  ('KOB___KOS-img-1', 'KOB___KOS', 'https://wsrv.nl/?url=http%3A%2F%2Fvierkant.pixeo.be%2Fengine%2Fhandlers%2Fimage.asp%3Ft%3Dprojectslides%26i%3D725%26w%3D800%26c%3Dfalse', 'GALLERY', 1),
  ('KRK-img-0', 'KRK', 'https://wsrv.nl/?url=http%3A%2F%2Fvierkant.pixeo.be%2Fengine%2Fhandlers%2Fimage.asp%3Ft%3Dprojectslides%26i%3D724%26w%3D800%26c%3Dfalse', 'HERO', 0),
  ('KRK-img-1', 'KRK', 'https://wsrv.nl/?url=http%3A%2F%2Fvierkant.pixeo.be%2Fengine%2Fhandlers%2Fimage.asp%3Ft%3Dprojectslides%26i%3D727%26w%3D800%26c%3Dfalse', 'GALLERY', 1),
  ('KTL-img-0', 'KTL', 'https://wsrv.nl/?url=http%3A%2F%2Fvierkant.pixeo.be%2Fengine%2Fhandlers%2Fimage.asp%3Ft%3Dprojectslides%26i%3D724%26w%3D800%26c%3Dfalse', 'HERO', 0),
  ('KTL-img-1', 'KTL', 'https://wsrv.nl/?url=http%3A%2F%2Fvierkant.pixeo.be%2Fengine%2Fhandlers%2Fimage.asp%3Ft%3Dprojectslides%26i%3D725%26w%3D800%26c%3Dfalse', 'GALLERY', 1),
  ('KX-img-0', 'KX', 'https://wsrv.nl/?url=http%3A%2F%2Fvierkant.pixeo.be%2Fengine%2Fhandlers%2Fimage.asp%3Ft%3Dprojectslides%26i%3D724%26w%3D800%26c%3Dfalse', 'HERO', 0),
  ('KX-img-1', 'KX', 'https://wsrv.nl/?url=http%3A%2F%2Fvierkant.pixeo.be%2Fengine%2Fhandlers%2Fimage.asp%3Ft%3Dprojectslides%26i%3D727%26w%3D800%26c%3Dfalse', 'GALLERY', 1),
  ('KL-img-0', 'KL', 'https://wsrv.nl/?url=http%3A%2F%2Fvierkant.pixeo.be%2Fengine%2Fhandlers%2Fimage.asp%3Ft%3Dprojectslides%26i%3D724%26w%3D800%26c%3Dfalse', 'HERO', 0),
  ('KL-img-1', 'KL', 'https://wsrv.nl/?url=http%3A%2F%2Fvierkant.pixeo.be%2Fengine%2Fhandlers%2Fimage.asp%3Ft%3Dprojectslides%26i%3D727%26w%3D800%26c%3Dfalse', 'GALLERY', 1),
  ('O_Series-img-0', 'O_Series', 'https://wsrv.nl/?url=http%3A%2F%2Fvierkant.pixeo.be%2Fengine%2Fhandlers%2Fimage.asp%3Ft%3Dprojectslides%26i%3D548%26w%3D800%26c%3Dfalse', 'HERO', 0),
  ('O_Series-img-1', 'O_Series', 'https://wsrv.nl/?url=http%3A%2F%2Fvierkant.pixeo.be%2Fengine%2Fhandlers%2Fimage.asp%3Ft%3Dprojectslides%26i%3D543%26w%3D800%26c%3Dfalse', 'GALLERY', 1),
  ('O_Series-img-2', 'O_Series', 'https://wsrv.nl/?url=http%3A%2F%2Fvierkant.pixeo.be%2Fengine%2Fhandlers%2Fimage.asp%3Ft%3Dprojectslides%26i%3D545%26w%3D800%26c%3Dfalse', 'GALLERY', 2),
  ('OCT-img-0', 'OCT', 'https://wsrv.nl/?url=http%3A%2F%2Fvierkant.pixeo.be%2Fengine%2Fhandlers%2Fimage.asp%3Ft%3Dprojectslides%26i%3D543%26w%3D800%26c%3Dfalse', 'HERO', 0),
  ('OCT-img-1', 'OCT', 'https://wsrv.nl/?url=http%3A%2F%2Fvierkant.pixeo.be%2Fengine%2Fhandlers%2Fimage.asp%3Ft%3Dprojectslides%26i%3D548%26w%3D800%26c%3Dfalse', 'GALLERY', 1),
  ('OCT-img-2', 'OCT', 'https://wsrv.nl/?url=http%3A%2F%2Fvierkant.pixeo.be%2Fengine%2Fhandlers%2Fimage.asp%3Ft%3Dprojectslides%26i%3D545%26w%3D800%26c%3Dfalse', 'GALLERY', 2),
  ('OD___ODB-img-0', 'OD___ODB', 'https://wsrv.nl/?url=http%3A%2F%2Fvierkant.pixeo.be%2Fengine%2Fhandlers%2Fimage.asp%3Ft%3Dprojectslides%26i%3D548%26w%3D800%26c%3Dfalse', 'HERO', 0),
  ('OD___ODB-img-1', 'OD___ODB', 'https://wsrv.nl/?url=http%3A%2F%2Fvierkant.pixeo.be%2Fengine%2Fhandlers%2Fimage.asp%3Ft%3Dprojectslides%26i%3D543%26w%3D800%26c%3Dfalse', 'GALLERY', 1),
  ('OE_Series-img-0', 'OE_Series', 'https://wsrv.nl/?url=http%3A%2F%2Fvierkant.pixeo.be%2Fengine%2Fhandlers%2Fimage.asp%3Ft%3Dprojectslides%26i%3D548%26w%3D800%26c%3Dfalse', 'HERO', 0),
  ('OE_Series-img-1', 'OE_Series', 'https://wsrv.nl/?url=http%3A%2F%2Fvierkant.pixeo.be%2Fengine%2Fhandlers%2Fimage.asp%3Ft%3Dprojectslides%26i%3D543%26w%3D800%26c%3Dfalse', 'GALLERY', 1),
  ('OE_Series-img-2', 'OE_Series', 'https://wsrv.nl/?url=http%3A%2F%2Fvierkant.pixeo.be%2Fengine%2Fhandlers%2Fimage.asp%3Ft%3Dprojectslides%26i%3D545%26w%3D800%26c%3Dfalse', 'GALLERY', 2),
  ('OF_Series-img-0', 'OF_Series', 'https://wsrv.nl/?url=http%3A%2F%2Fvierkant.pixeo.be%2Fengine%2Fhandlers%2Fimage.asp%3Ft%3Dprojectslides%26i%3D543%26w%3D800%26c%3Dfalse', 'HERO', 0),
  ('OF_Series-img-1', 'OF_Series', 'https://wsrv.nl/?url=http%3A%2F%2Fvierkant.pixeo.be%2Fengine%2Fhandlers%2Fimage.asp%3Ft%3Dprojectslides%26i%3D548%26w%3D800%26c%3Dfalse', 'GALLERY', 1),
  ('OF_Series-img-2', 'OF_Series', 'https://wsrv.nl/?url=http%3A%2F%2Fvierkant.pixeo.be%2Fengine%2Fhandlers%2Fimage.asp%3Ft%3Dprojectslides%26i%3D545%26w%3D800%26c%3Dfalse', 'GALLERY', 2),
  ('OP-img-0', 'OP', 'https://wsrv.nl/?url=http%3A%2F%2Fvierkant.pixeo.be%2Fengine%2Fhandlers%2Fimage.asp%3Ft%3Dprojectslides%26i%3D543%26w%3D800%26c%3Dfalse', 'HERO', 0),
  ('OP-img-1', 'OP', 'https://wsrv.nl/?url=http%3A%2F%2Fvierkant.pixeo.be%2Fengine%2Fhandlers%2Fimage.asp%3Ft%3Dprojectslides%26i%3D548%26w%3D800%26c%3Dfalse', 'GALLERY', 1),
  ('OV-img-0', 'OV', 'https://wsrv.nl/?url=http%3A%2F%2Fvierkant.pixeo.be%2Fengine%2Fhandlers%2Fimage.asp%3Ft%3Dprojectslides%26i%3D543%26w%3D800%26c%3Dfalse', 'HERO', 0),
  ('OV-img-1', 'OV', 'https://wsrv.nl/?url=http%3A%2F%2Fvierkant.pixeo.be%2Fengine%2Fhandlers%2Fimage.asp%3Ft%3Dprojectslides%26i%3D548%26w%3D800%26c%3Dfalse', 'GALLERY', 1),
  ('CL_Series-img-0', 'CL_Series', 'https://wsrv.nl/?url=http%3A%2F%2Fvierkant.pixeo.be%2Fengine%2Fhandlers%2Fimage.asp%3Ft%3Dprojectslides%26i%3D543%26w%3D800%26c%3Dfalse', 'HERO', 0),
  ('CL_Series-img-1', 'CL_Series', 'https://wsrv.nl/?url=http%3A%2F%2Fvierkant.pixeo.be%2Fengine%2Fhandlers%2Fimage.asp%3Ft%3Dprojectslides%26i%3D545%26w%3D800%26c%3Dfalse', 'GALLERY', 1),
  ('CL_Series-img-2', 'CL_Series', 'https://wsrv.nl/?url=http%3A%2F%2Fvierkant.pixeo.be%2Fengine%2Fhandlers%2Fimage.asp%3Ft%3Dprojectslides%26i%3D542%26w%3D800%26c%3Dfalse', 'GALLERY', 2),
  ('CL_Series-img-3', 'CL_Series', 'https://wsrv.nl/?url=http%3A%2F%2Fvierkant.pixeo.be%2Fengine%2Fhandlers%2Fimage.asp%3Ft%3Dprojectslides%26i%3D548%26w%3D800%26c%3Dfalse', 'GALLERY', 3),
  ('CLB-img-0', 'CLB', 'https://wsrv.nl/?url=http%3A%2F%2Fvierkant.pixeo.be%2Fengine%2Fhandlers%2Fimage.asp%3Ft%3Dprojectslides%26i%3D548%26w%3D800%26c%3Dfalse', 'HERO', 0),
  ('CLB-img-1', 'CLB', 'https://wsrv.nl/?url=http%3A%2F%2Fvierkant.pixeo.be%2Fengine%2Fhandlers%2Fimage.asp%3Ft%3Dprojectslides%26i%3D543%26w%3D800%26c%3Dfalse', 'GALLERY', 1),
  ('CLG-img-0', 'CLG', 'https://wsrv.nl/?url=http%3A%2F%2Fvierkant.pixeo.be%2Fengine%2Fhandlers%2Fimage.asp%3Ft%3Dprojectslides%26i%3D548%26w%3D800%26c%3Dfalse', 'HERO', 0),
  ('CLG-img-1', 'CLG', 'https://wsrv.nl/?url=http%3A%2F%2Fvierkant.pixeo.be%2Fengine%2Fhandlers%2Fimage.asp%3Ft%3Dprojectslides%26i%3D543%26w%3D800%26c%3Dfalse', 'GALLERY', 1),
  ('CLG-img-2', 'CLG', 'https://wsrv.nl/?url=http%3A%2F%2Fvierkant.pixeo.be%2Fengine%2Fhandlers%2Fimage.asp%3Ft%3Dprojectslides%26i%3D545%26w%3D800%26c%3Dfalse', 'GALLERY', 2),
  ('CLK-img-0', 'CLK', 'https://wsrv.nl/?url=http%3A%2F%2Fvierkant.pixeo.be%2Fengine%2Fhandlers%2Fimage.asp%3Ft%3Dprojectslides%26i%3D543%26w%3D800%26c%3Dfalse', 'HERO', 0),
  ('CLK-img-1', 'CLK', 'https://wsrv.nl/?url=http%3A%2F%2Fvierkant.pixeo.be%2Fengine%2Fhandlers%2Fimage.asp%3Ft%3Dprojectslides%26i%3D548%26w%3D800%26c%3Dfalse', 'GALLERY', 1),
  ('CLO-img-0', 'CLO', 'https://wsrv.nl/?url=http%3A%2F%2Fvierkant.pixeo.be%2Fengine%2Fhandlers%2Fimage.asp%3Ft%3Dprojectslides%26i%3D548%26w%3D800%26c%3Dfalse', 'HERO', 0),
  ('CLO-img-1', 'CLO', 'https://wsrv.nl/?url=http%3A%2F%2Fvierkant.pixeo.be%2Fengine%2Fhandlers%2Fimage.asp%3Ft%3Dprojectslides%26i%3D543%26w%3D800%26c%3Dfalse', 'GALLERY', 1),
  ('CLT-img-0', 'CLT', 'https://wsrv.nl/?url=http%3A%2F%2Fvierkant.pixeo.be%2Fengine%2Fhandlers%2Fimage.asp%3Ft%3Dprojectslides%26i%3D543%26w%3D800%26c%3Dfalse', 'HERO', 0),
  ('CLT-img-1', 'CLT', 'https://wsrv.nl/?url=http%3A%2F%2Fvierkant.pixeo.be%2Fengine%2Fhandlers%2Fimage.asp%3Ft%3Dprojectslides%26i%3D548%26w%3D800%26c%3Dfalse', 'GALLERY', 1),
  ('B_Series-img-0', 'B_Series', 'https://wsrv.nl/?url=http%3A%2F%2Fvierkant.pixeo.be%2Fengine%2Fhandlers%2Fimage.asp%3Ft%3Dprojectslides%26i%3D543%26w%3D800%26c%3Dfalse', 'HERO', 0),
  ('B_Series-img-1', 'B_Series', 'https://wsrv.nl/?url=http%3A%2F%2Fvierkant.pixeo.be%2Fengine%2Fhandlers%2Fimage.asp%3Ft%3Dprojectslides%26i%3D545%26w%3D800%26c%3Dfalse', 'GALLERY', 1),
  ('B_Series-img-2', 'B_Series', 'https://wsrv.nl/?url=http%3A%2F%2Fvierkant.pixeo.be%2Fengine%2Fhandlers%2Fimage.asp%3Ft%3Dprojectslides%26i%3D542%26w%3D800%26c%3Dfalse', 'GALLERY', 2),
  ('BC_Series-img-0', 'BC_Series', 'https://wsrv.nl/?url=http%3A%2F%2Fvierkant.pixeo.be%2Fengine%2Fhandlers%2Fimage.asp%3Ft%3Dprojectslides%26i%3D543%26w%3D800%26c%3Dfalse', 'HERO', 0),
  ('BC_Series-img-1', 'BC_Series', 'https://wsrv.nl/?url=http%3A%2F%2Fvierkant.pixeo.be%2Fengine%2Fhandlers%2Fimage.asp%3Ft%3Dprojectslides%26i%3D548%26w%3D800%26c%3Dfalse', 'GALLERY', 1),
  ('BC_Series-img-2', 'BC_Series', 'https://wsrv.nl/?url=http%3A%2F%2Fvierkant.pixeo.be%2Fengine%2Fhandlers%2Fimage.asp%3Ft%3Dprojectslides%26i%3D545%26w%3D800%26c%3Dfalse', 'GALLERY', 2),
  ('BCH_Series-img-0', 'BCH_Series', 'https://wsrv.nl/?url=http%3A%2F%2Fvierkant.pixeo.be%2Fengine%2Fhandlers%2Fimage.asp%3Ft%3Dprojectslides%26i%3D548%26w%3D800%26c%3Dfalse', 'HERO', 0),
  ('BCH_Series-img-1', 'BCH_Series', 'https://wsrv.nl/?url=http%3A%2F%2Fvierkant.pixeo.be%2Fengine%2Fhandlers%2Fimage.asp%3Ft%3Dprojectslides%26i%3D543%26w%3D800%26c%3Dfalse', 'GALLERY', 1),
  ('BL-img-0', 'BL', 'https://wsrv.nl/?url=http%3A%2F%2Fvierkant.pixeo.be%2Fengine%2Fhandlers%2Fimage.asp%3Ft%3Dprojectslides%26i%3D549%26w%3D800%26c%3Dfalse', 'HERO', 0),
  ('BL-img-1', 'BL', 'https://wsrv.nl/?url=http%3A%2F%2Fvierkant.pixeo.be%2Fengine%2Fhandlers%2Fimage.asp%3Ft%3Dprojectslides%26i%3D548%26w%3D800%26c%3Dfalse', 'GALLERY', 1),
  ('BR_Series-img-0', 'BR_Series', 'https://wsrv.nl/?url=http%3A%2F%2Fvierkant.pixeo.be%2Fengine%2Fhandlers%2Fimage.asp%3Ft%3Dprojectslides%26i%3D543%26w%3D800%26c%3Dfalse', 'HERO', 0),
  ('BR_Series-img-1', 'BR_Series', 'https://wsrv.nl/?url=http%3A%2F%2Fvierkant.pixeo.be%2Fengine%2Fhandlers%2Fimage.asp%3Ft%3Dprojectslides%26i%3D548%26w%3D800%26c%3Dfalse', 'GALLERY', 1),
  ('BR_Series-img-2', 'BR_Series', 'https://wsrv.nl/?url=http%3A%2F%2Fvierkant.pixeo.be%2Fengine%2Fhandlers%2Fimage.asp%3Ft%3Dprojectslides%26i%3D545%26w%3D800%26c%3Dfalse', 'GALLERY', 2),
  ('BRF_Series-img-0', 'BRF_Series', 'https://wsrv.nl/?url=http%3A%2F%2Fvierkant.pixeo.be%2Fengine%2Fhandlers%2Fimage.asp%3Ft%3Dprojectslides%26i%3D548%26w%3D800%26c%3Dfalse', 'HERO', 0),
  ('BRF_Series-img-1', 'BRF_Series', 'https://wsrv.nl/?url=http%3A%2F%2Fvierkant.pixeo.be%2Fengine%2Fhandlers%2Fimage.asp%3Ft%3Dprojectslides%26i%3D543%26w%3D800%26c%3Dfalse', 'GALLERY', 1),
  ('BRL_Series-img-0', 'BRL_Series', 'https://wsrv.nl/?url=http%3A%2F%2Fvierkant.pixeo.be%2Fengine%2Fhandlers%2Fimage.asp%3Ft%3Dprojectslides%26i%3D545%26w%3D800%26c%3Dfalse', 'HERO', 0),
  ('BRL_Series-img-1', 'BRL_Series', 'https://wsrv.nl/?url=http%3A%2F%2Fvierkant.pixeo.be%2Fengine%2Fhandlers%2Fimage.asp%3Ft%3Dprojectslides%26i%3D543%26w%3D800%26c%3Dfalse', 'GALLERY', 1),
  ('BRL_Series-img-2', 'BRL_Series', 'https://wsrv.nl/?url=http%3A%2F%2Fvierkant.pixeo.be%2Fengine%2Fhandlers%2Fimage.asp%3Ft%3Dprojectslides%26i%3D548%26w%3D800%26c%3Dfalse', 'GALLERY', 2),
  ('CC-img-0', 'CC', 'https://wsrv.nl/?url=http%3A%2F%2Fvierkant.pixeo.be%2Fengine%2Fhandlers%2Fimage.asp%3Ft%3Dprojectslides%26i%3D543%26w%3D800%26c%3Dfalse', 'HERO', 0),
  ('CC-img-1', 'CC', 'https://wsrv.nl/?url=http%3A%2F%2Fvierkant.pixeo.be%2Fengine%2Fhandlers%2Fimage.asp%3Ft%3Dprojectslides%26i%3D548%26w%3D800%26c%3Dfalse', 'GALLERY', 1),
  ('CCL-img-0', 'CCL', 'https://wsrv.nl/?url=http%3A%2F%2Fvierkant.pixeo.be%2Fengine%2Fhandlers%2Fimage.asp%3Ft%3Dprojectslides%26i%3D543%26w%3D800%26c%3Dfalse', 'HERO', 0),
  ('CCL-img-1', 'CCL', 'https://wsrv.nl/?url=http%3A%2F%2Fvierkant.pixeo.be%2Fengine%2Fhandlers%2Fimage.asp%3Ft%3Dprojectslides%26i%3D548%26w%3D800%26c%3Dfalse', 'GALLERY', 1),
  ('CK_Series-img-0', 'CK_Series', 'https://wsrv.nl/?url=http%3A%2F%2Fvierkant.pixeo.be%2Fengine%2Fhandlers%2Fimage.asp%3Ft%3Dprojectslides%26i%3D543%26w%3D800%26c%3Dfalse', 'HERO', 0),
  ('CK_Series-img-1', 'CK_Series', 'https://wsrv.nl/?url=http%3A%2F%2Fvierkant.pixeo.be%2Fengine%2Fhandlers%2Fimage.asp%3Ft%3Dprojectslides%26i%3D548%26w%3D800%26c%3Dfalse', 'GALLERY', 1),
  ('CK_Series-img-2', 'CK_Series', 'https://wsrv.nl/?url=http%3A%2F%2Fvierkant.pixeo.be%2Fengine%2Fhandlers%2Fimage.asp%3Ft%3Dprojectslides%26i%3D545%26w%3D800%26c%3Dfalse', 'GALLERY', 2),
  ('CKL-img-0', 'CKL', 'https://wsrv.nl/?url=http%3A%2F%2Fvierkant.pixeo.be%2Fengine%2Fhandlers%2Fimage.asp%3Ft%3Dprojectslides%26i%3D543%26w%3D800%26c%3Dfalse', 'HERO', 0),
  ('CKL-img-1', 'CKL', 'https://wsrv.nl/?url=http%3A%2F%2Fvierkant.pixeo.be%2Fengine%2Fhandlers%2Fimage.asp%3Ft%3Dprojectslides%26i%3D548%26w%3D800%26c%3Dfalse', 'GALLERY', 1),
  ('COP-img-0', 'COP', 'https://wsrv.nl/?url=http%3A%2F%2Fvierkant.pixeo.be%2Fengine%2Fhandlers%2Fimage.asp%3Ft%3Dprojectslides%26i%3D543%26w%3D800%26c%3Dfalse', 'HERO', 0),
  ('COP-img-1', 'COP', 'https://wsrv.nl/?url=http%3A%2F%2Fvierkant.pixeo.be%2Fengine%2Fhandlers%2Fimage.asp%3Ft%3Dprojectslides%26i%3D548%26w%3D800%26c%3Dfalse', 'GALLERY', 1),
  ('CS_Series-img-0', 'CS_Series', 'https://wsrv.nl/?url=http%3A%2F%2Fvierkant.pixeo.be%2Fengine%2Fhandlers%2Fimage.asp%3Ft%3Dprojectslides%26i%3D543%26w%3D800%26c%3Dfalse', 'HERO', 0),
  ('CS_Series-img-1', 'CS_Series', 'https://wsrv.nl/?url=http%3A%2F%2Fvierkant.pixeo.be%2Fengine%2Fhandlers%2Fimage.asp%3Ft%3Dprojectslides%26i%3D548%26w%3D800%26c%3Dfalse', 'GALLERY', 1),
  ('CS_Series-img-2', 'CS_Series', 'https://wsrv.nl/?url=http%3A%2F%2Fvierkant.pixeo.be%2Fengine%2Fhandlers%2Fimage.asp%3Ft%3Dprojectslides%26i%3D545%26w%3D800%26c%3Dfalse', 'GALLERY', 2),
  ('CUBE_S-img-0', 'CUBE_S', 'https://wsrv.nl/?url=http%3A%2F%2Fvierkant.pixeo.be%2Fengine%2Fhandlers%2Fimage.asp%3Ft%3Dprojectslides%26i%3D545%26w%3D800%26c%3Dfalse', 'HERO', 0),
  ('CUBE_S-img-1', 'CUBE_S', 'https://wsrv.nl/?url=http%3A%2F%2Fvierkant.pixeo.be%2Fengine%2Fhandlers%2Fimage.asp%3Ft%3Dprojectslides%26i%3D543%26w%3D800%26c%3Dfalse', 'GALLERY', 1),
  ('CUBE_S-img-2', 'CUBE_S', 'https://wsrv.nl/?url=http%3A%2F%2Fvierkant.pixeo.be%2Fengine%2Fhandlers%2Fimage.asp%3Ft%3Dprojectslides%26i%3D548%26w%3D800%26c%3Dfalse', 'GALLERY', 2),
  ('DCL-img-0', 'DCL', 'https://wsrv.nl/?url=http%3A%2F%2Fvierkant.pixeo.be%2Fengine%2Fhandlers%2Fimage.asp%3Ft%3Dprojectslides%26i%3D548%26w%3D800%26c%3Dfalse', 'HERO', 0),
  ('DCL-img-1', 'DCL', 'https://wsrv.nl/?url=http%3A%2F%2Fvierkant.pixeo.be%2Fengine%2Fhandlers%2Fimage.asp%3Ft%3Dprojectslides%26i%3D543%26w%3D800%26c%3Dfalse', 'GALLERY', 1),
  ('MF_Series-img-0', 'MF_Series', 'https://wsrv.nl/?url=http%3A%2F%2Fvierkant.pixeo.be%2Fengine%2Fhandlers%2Fimage.asp%3Ft%3Dprojectslides%26i%3D696%26w%3D800%26c%3Dfalse', 'HERO', 0),
  ('MF_Series-img-1', 'MF_Series', 'https://wsrv.nl/?url=http%3A%2F%2Fvierkant.pixeo.be%2Fengine%2Fhandlers%2Fimage.asp%3Ft%3Dprojectslides%26i%3D697%26w%3D800%26c%3Dfalse', 'GALLERY', 1),
  ('MF_Series-img-2', 'MF_Series', 'https://wsrv.nl/?url=http%3A%2F%2Fvierkant.pixeo.be%2Fengine%2Fhandlers%2Fimage.asp%3Ft%3Dprojectslides%26i%3D701%26w%3D800%26c%3Dfalse', 'GALLERY', 2),
  ('MHR-img-0', 'MHR', 'https://wsrv.nl/?url=http%3A%2F%2Fvierkant.pixeo.be%2Fengine%2Fhandlers%2Fimage.asp%3Ft%3Dprojectslides%26i%3D543%26w%3D800%26c%3Dfalse', 'HERO', 0),
  ('MHR-img-1', 'MHR', 'https://wsrv.nl/?url=http%3A%2F%2Fvierkant.pixeo.be%2Fengine%2Fhandlers%2Fimage.asp%3Ft%3Dprojectslides%26i%3D548%26w%3D800%26c%3Dfalse', 'GALLERY', 1),
  ('MK-img-0', 'MK', 'https://wsrv.nl/?url=http%3A%2F%2Fvierkant.pixeo.be%2Fengine%2Fhandlers%2Fimage.asp%3Ft%3Dprojectslides%26i%3D543%26w%3D800%26c%3Dfalse', 'HERO', 0),
  ('MK-img-1', 'MK', 'https://wsrv.nl/?url=http%3A%2F%2Fvierkant.pixeo.be%2Fengine%2Fhandlers%2Fimage.asp%3Ft%3Dprojectslides%26i%3D548%26w%3D800%26c%3Dfalse', 'GALLERY', 1),
  ('ML-img-0', 'ML', 'https://wsrv.nl/?url=http%3A%2F%2Fvierkant.pixeo.be%2Fengine%2Fhandlers%2Fimage.asp%3Ft%3Dprojectslides%26i%3D543%26w%3D800%26c%3Dfalse', 'HERO', 0),
  ('ML-img-1', 'ML', 'https://wsrv.nl/?url=http%3A%2F%2Fvierkant.pixeo.be%2Fengine%2Fhandlers%2Fimage.asp%3Ft%3Dprojectslides%26i%3D548%26w%3D800%26c%3Dfalse', 'GALLERY', 1),
  ('MLS-img-0', 'MLS', 'https://wsrv.nl/?url=http%3A%2F%2Fvierkant.pixeo.be%2Fengine%2Fhandlers%2Fimage.asp%3Ft%3Dprojectslides%26i%3D543%26w%3D800%26c%3Dfalse', 'HERO', 0),
  ('MLS-img-1', 'MLS', 'https://wsrv.nl/?url=http%3A%2F%2Fvierkant.pixeo.be%2Fengine%2Fhandlers%2Fimage.asp%3Ft%3Dprojectslides%26i%3D548%26w%3D800%26c%3Dfalse', 'GALLERY', 1),
  ('MR_Series-img-0', 'MR_Series', 'https://wsrv.nl/?url=http%3A%2F%2Fvierkant.pixeo.be%2Fengine%2Fhandlers%2Fimage.asp%3Ft%3Dprojectslides%26i%3D543%26w%3D800%26c%3Dfalse', 'HERO', 0),
  ('MR_Series-img-1', 'MR_Series', 'https://wsrv.nl/?url=http%3A%2F%2Fvierkant.pixeo.be%2Fengine%2Fhandlers%2Fimage.asp%3Ft%3Dprojectslides%26i%3D548%26w%3D800%26c%3Dfalse', 'GALLERY', 1),
  ('MR_Series-img-2', 'MR_Series', 'https://wsrv.nl/?url=http%3A%2F%2Fvierkant.pixeo.be%2Fengine%2Fhandlers%2Fimage.asp%3Ft%3Dprojectslides%26i%3D545%26w%3D800%26c%3Dfalse', 'GALLERY', 2),
  ('MRA-img-0', 'MRA', 'https://wsrv.nl/?url=http%3A%2F%2Fvierkant.pixeo.be%2Fengine%2Fhandlers%2Fimage.asp%3Ft%3Dprojectslides%26i%3D543%26w%3D800%26c%3Dfalse', 'HERO', 0),
  ('MRA-img-1', 'MRA', 'https://wsrv.nl/?url=http%3A%2F%2Fvierkant.pixeo.be%2Fengine%2Fhandlers%2Fimage.asp%3Ft%3Dprojectslides%26i%3D548%26w%3D800%26c%3Dfalse', 'GALLERY', 1),
  ('MRB-img-0', 'MRB', 'https://wsrv.nl/?url=http%3A%2F%2Fvierkant.pixeo.be%2Fengine%2Fhandlers%2Fimage.asp%3Ft%3Dprojectslides%26i%3D543%26w%3D800%26c%3Dfalse', 'HERO', 0),
  ('MRB-img-1', 'MRB', 'https://wsrv.nl/?url=http%3A%2F%2Fvierkant.pixeo.be%2Fengine%2Fhandlers%2Fimage.asp%3Ft%3Dprojectslides%26i%3D548%26w%3D800%26c%3Dfalse', 'GALLERY', 1),
  ('MRR_Series-img-0', 'MRR_Series', 'https://wsrv.nl/?url=http%3A%2F%2Fvierkant.pixeo.be%2Fengine%2Fhandlers%2Fimage.asp%3Ft%3Dprojectslides%26i%3D543%26w%3D800%26c%3Dfalse', 'HERO', 0),
  ('MRR_Series-img-1', 'MRR_Series', 'https://wsrv.nl/?url=http%3A%2F%2Fvierkant.pixeo.be%2Fengine%2Fhandlers%2Fimage.asp%3Ft%3Dprojectslides%26i%3D548%26w%3D800%26c%3Dfalse', 'GALLERY', 1),
  ('MRR_Series-img-2', 'MRR_Series', 'https://wsrv.nl/?url=http%3A%2F%2Fvierkant.pixeo.be%2Fengine%2Fhandlers%2Fimage.asp%3Ft%3Dprojectslides%26i%3D545%26w%3D800%26c%3Dfalse', 'GALLERY', 2),
  ('MU-img-0', 'MU', 'https://wsrv.nl/?url=http%3A%2F%2Fvierkant.pixeo.be%2Fengine%2Fhandlers%2Fimage.asp%3Ft%3Dprojectslides%26i%3D543%26w%3D800%26c%3Dfalse', 'HERO', 0),
  ('MU-img-1', 'MU', 'https://wsrv.nl/?url=http%3A%2F%2Fvierkant.pixeo.be%2Fengine%2Fhandlers%2Fimage.asp%3Ft%3Dprojectslides%26i%3D548%26w%3D800%26c%3Dfalse', 'GALLERY', 1),
  ('MUR-img-0', 'MUR', 'https://wsrv.nl/?url=http%3A%2F%2Fvierkant.pixeo.be%2Fengine%2Fhandlers%2Fimage.asp%3Ft%3Dprojectslides%26i%3D543%26w%3D800%26c%3Dfalse', 'HERO', 0),
  ('MUR-img-1', 'MUR', 'https://wsrv.nl/?url=http%3A%2F%2Fvierkant.pixeo.be%2Fengine%2Fhandlers%2Fimage.asp%3Ft%3Dprojectslides%26i%3D548%26w%3D800%26c%3Dfalse', 'GALLERY', 1),
  ('HK_Series-img-0', 'HK_Series', 'https://wsrv.nl/?url=http%3A%2F%2Fvierkant.pixeo.be%2Fengine%2Fhandlers%2Fimage.asp%3Ft%3Dprojectslides%26i%3D548%26w%3D800%26c%3Dfalse', 'HERO', 0),
  ('HK_Series-img-1', 'HK_Series', 'https://wsrv.nl/?url=http%3A%2F%2Fvierkant.pixeo.be%2Fengine%2Fhandlers%2Fimage.asp%3Ft%3Dprojectslides%26i%3D543%26w%3D800%26c%3Dfalse', 'GALLERY', 1),
  ('HK_Series-img-2', 'HK_Series', 'https://wsrv.nl/?url=http%3A%2F%2Fvierkant.pixeo.be%2Fengine%2Fhandlers%2Fimage.asp%3Ft%3Dprojectslides%26i%3D545%26w%3D800%26c%3Dfalse', 'GALLERY', 2),
  ('HKH-img-0', 'HKH', 'https://wsrv.nl/?url=http%3A%2F%2Fvierkant.pixeo.be%2Fengine%2Fhandlers%2Fimage.asp%3Ft%3Dprojectslides%26i%3D543%26w%3D800%26c%3Dfalse', 'HERO', 0),
  ('HKH-img-1', 'HKH', 'https://wsrv.nl/?url=http%3A%2F%2Fvierkant.pixeo.be%2Fengine%2Fhandlers%2Fimage.asp%3Ft%3Dprojectslides%26i%3D548%26w%3D800%26c%3Dfalse', 'GALLERY', 1),
  ('HM-img-0', 'HM', 'https://wsrv.nl/?url=http%3A%2F%2Fvierkant.pixeo.be%2Fengine%2Fhandlers%2Fimage.asp%3Ft%3Dprojectslides%26i%3D543%26w%3D800%26c%3Dfalse', 'HERO', 0),
  ('HM-img-1', 'HM', 'https://wsrv.nl/?url=http%3A%2F%2Fvierkant.pixeo.be%2Fengine%2Fhandlers%2Fimage.asp%3Ft%3Dprojectslides%26i%3D548%26w%3D800%26c%3Dfalse', 'GALLERY', 1),
  ('HV_Series-img-0', 'HV_Series', 'https://wsrv.nl/?url=http%3A%2F%2Fvierkant.pixeo.be%2Fengine%2Fhandlers%2Fimage.asp%3Ft%3Dprojectslides%26i%3D543%26w%3D800%26c%3Dfalse', 'HERO', 0),
  ('HV_Series-img-1', 'HV_Series', 'https://wsrv.nl/?url=http%3A%2F%2Fvierkant.pixeo.be%2Fengine%2Fhandlers%2Fimage.asp%3Ft%3Dprojectslides%26i%3D548%26w%3D800%26c%3Dfalse', 'GALLERY', 1),
  ('HV_Series-img-2', 'HV_Series', 'https://wsrv.nl/?url=http%3A%2F%2Fvierkant.pixeo.be%2Fengine%2Fhandlers%2Fimage.asp%3Ft%3Dprojectslides%26i%3D545%26w%3D800%26c%3Dfalse', 'GALLERY', 2),
  ('HVF-img-0', 'HVF', 'https://wsrv.nl/?url=http%3A%2F%2Fvierkant.pixeo.be%2Fengine%2Fhandlers%2Fimage.asp%3Ft%3Dprojectslides%26i%3D543%26w%3D800%26c%3Dfalse', 'HERO', 0),
  ('HVF-img-1', 'HVF', 'https://wsrv.nl/?url=http%3A%2F%2Fvierkant.pixeo.be%2Fengine%2Fhandlers%2Fimage.asp%3Ft%3Dprojectslides%26i%3D548%26w%3D800%26c%3Dfalse', 'GALLERY', 1),
  ('SB-img-0', 'SB', 'https://wsrv.nl/?url=http%3A%2F%2Fvierkant.pixeo.be%2Fengine%2Fhandlers%2Fimage.asp%3Ft%3Dprojectslides%26i%3D543%26w%3D800%26c%3Dfalse', 'HERO', 0),
  ('SB-img-1', 'SB', 'https://wsrv.nl/?url=http%3A%2F%2Fvierkant.pixeo.be%2Fengine%2Fhandlers%2Fimage.asp%3Ft%3Dprojectslides%26i%3D548%26w%3D800%26c%3Dfalse', 'GALLERY', 1),
  ('SJ-img-0', 'SJ', 'https://wsrv.nl/?url=http%3A%2F%2Fvierkant.pixeo.be%2Fengine%2Fhandlers%2Fimage.asp%3Ft%3Dprojectslides%26i%3D543%26w%3D800%26c%3Dfalse', 'HERO', 0),
  ('SJ-img-1', 'SJ', 'https://wsrv.nl/?url=http%3A%2F%2Fvierkant.pixeo.be%2Fengine%2Fhandlers%2Fimage.asp%3Ft%3Dprojectslides%26i%3D548%26w%3D800%26c%3Dfalse', 'GALLERY', 1),
  ('SO-img-0', 'SO', 'https://wsrv.nl/?url=http%3A%2F%2Fvierkant.pixeo.be%2Fengine%2Fhandlers%2Fimage.asp%3Ft%3Dprojectslides%26i%3D543%26w%3D800%26c%3Dfalse', 'HERO', 0),
  ('SO-img-1', 'SO', 'https://wsrv.nl/?url=http%3A%2F%2Fvierkant.pixeo.be%2Fengine%2Fhandlers%2Fimage.asp%3Ft%3Dprojectslides%26i%3D548%26w%3D800%26c%3Dfalse', 'GALLERY', 1),
  ('SR_Series-img-0', 'SR_Series', 'https://wsrv.nl/?url=http%3A%2F%2Fvierkant.pixeo.be%2Fengine%2Fhandlers%2Fimage.asp%3Ft%3Dprojectslides%26i%3D543%26w%3D800%26c%3Dfalse', 'HERO', 0),
  ('SR_Series-img-1', 'SR_Series', 'https://wsrv.nl/?url=http%3A%2F%2Fvierkant.pixeo.be%2Fengine%2Fhandlers%2Fimage.asp%3Ft%3Dprojectslides%26i%3D548%26w%3D800%26c%3Dfalse', 'GALLERY', 1),
  ('SR_Series-img-2', 'SR_Series', 'https://wsrv.nl/?url=http%3A%2F%2Fvierkant.pixeo.be%2Fengine%2Fhandlers%2Fimage.asp%3Ft%3Dprojectslides%26i%3D545%26w%3D800%26c%3Dfalse', 'GALLERY', 2),
  ('SRD-img-0', 'SRD', 'https://wsrv.nl/?url=http%3A%2F%2Fvierkant.pixeo.be%2Fengine%2Fhandlers%2Fimage.asp%3Ft%3Dprojectslides%26i%3D543%26w%3D800%26c%3Dfalse', 'HERO', 0),
  ('SRD-img-1', 'SRD', 'https://wsrv.nl/?url=http%3A%2F%2Fvierkant.pixeo.be%2Fengine%2Fhandlers%2Fimage.asp%3Ft%3Dprojectslides%26i%3D548%26w%3D800%26c%3Dfalse', 'GALLERY', 1),
  ('SRS_Series-img-0', 'SRS_Series', 'https://wsrv.nl/?url=http%3A%2F%2Fvierkant.pixeo.be%2Fengine%2Fhandlers%2Fimage.asp%3Ft%3Dprojectslides%26i%3D543%26w%3D800%26c%3Dfalse', 'HERO', 0),
  ('SRS_Series-img-1', 'SRS_Series', 'https://wsrv.nl/?url=http%3A%2F%2Fvierkant.pixeo.be%2Fengine%2Fhandlers%2Fimage.asp%3Ft%3Dprojectslides%26i%3D548%26w%3D800%26c%3Dfalse', 'GALLERY', 1),
  ('SRS_Series-img-2', 'SRS_Series', 'https://wsrv.nl/?url=http%3A%2F%2Fvierkant.pixeo.be%2Fengine%2Fhandlers%2Fimage.asp%3Ft%3Dprojectslides%26i%3D545%26w%3D800%26c%3Dfalse', 'GALLERY', 2),
  ('RR_Series-img-0', 'RR_Series', 'https://wsrv.nl/?url=http%3A%2F%2Fvierkant.pixeo.be%2Fengine%2Fhandlers%2Fimage.asp%3Ft%3Dprojectslides%26i%3D543%26w%3D800%26c%3Dfalse', 'HERO', 0),
  ('RR_Series-img-1', 'RR_Series', 'https://wsrv.nl/?url=http%3A%2F%2Fvierkant.pixeo.be%2Fengine%2Fhandlers%2Fimage.asp%3Ft%3Dprojectslides%26i%3D548%26w%3D800%26c%3Dfalse', 'GALLERY', 1),
  ('RR_Series-img-2', 'RR_Series', 'https://wsrv.nl/?url=http%3A%2F%2Fvierkant.pixeo.be%2Fengine%2Fhandlers%2Fimage.asp%3Ft%3Dprojectslides%26i%3D545%26w%3D800%26c%3Dfalse', 'GALLERY', 2),
  ('RRH_Series-img-0', 'RRH_Series', 'https://wsrv.nl/?url=http%3A%2F%2Fvierkant.pixeo.be%2Fengine%2Fhandlers%2Fimage.asp%3Ft%3Dprojectslides%26i%3D548%26w%3D800%26c%3Dfalse', 'HERO', 0),
  ('RRH_Series-img-1', 'RRH_Series', 'https://wsrv.nl/?url=http%3A%2F%2Fvierkant.pixeo.be%2Fengine%2Fhandlers%2Fimage.asp%3Ft%3Dprojectslides%26i%3D543%26w%3D800%26c%3Dfalse', 'GALLERY', 1),
  ('RRH_Series-img-2', 'RRH_Series', 'https://wsrv.nl/?url=http%3A%2F%2Fvierkant.pixeo.be%2Fengine%2Fhandlers%2Fimage.asp%3Ft%3Dprojectslides%26i%3D545%26w%3D800%26c%3Dfalse', 'GALLERY', 2),
  ('GR_Series-img-0', 'GR_Series', 'https://wsrv.nl/?url=http%3A%2F%2Fvierkant.pixeo.be%2Fengine%2Fhandlers%2Fimage.asp%3Ft%3Dprojectslides%26i%3D543%26w%3D800%26c%3Dfalse', 'HERO', 0),
  ('GR_Series-img-1', 'GR_Series', 'https://wsrv.nl/?url=http%3A%2F%2Fvierkant.pixeo.be%2Fengine%2Fhandlers%2Fimage.asp%3Ft%3Dprojectslides%26i%3D548%26w%3D800%26c%3Dfalse', 'GALLERY', 1),
  ('GR_Series-img-2', 'GR_Series', 'https://wsrv.nl/?url=http%3A%2F%2Fvierkant.pixeo.be%2Fengine%2Fhandlers%2Fimage.asp%3Ft%3Dprojectslides%26i%3D545%26w%3D800%26c%3Dfalse', 'GALLERY', 2),
  ('GZL-img-0', 'GZL', 'https://wsrv.nl/?url=http%3A%2F%2Fvierkant.pixeo.be%2Fengine%2Fhandlers%2Fimage.asp%3Ft%3Dprojectslides%26i%3D549%26w%3D800%26c%3Dfalse', 'HERO', 0),
  ('GZL-img-1', 'GZL', 'https://wsrv.nl/?url=http%3A%2F%2Fvierkant.pixeo.be%2Fengine%2Fhandlers%2Fimage.asp%3Ft%3Dprojectslides%26i%3D548%26w%3D800%26c%3Dfalse', 'GALLERY', 1),
  ('GZL-img-2', 'GZL', 'https://wsrv.nl/?url=http%3A%2F%2Fvierkant.pixeo.be%2Fengine%2Fhandlers%2Fimage.asp%3Ft%3Dprojectslides%26i%3D543%26w%3D800%26c%3Dfalse', 'GALLERY', 2),
  ('SP_Series-img-0', 'SP_Series', 'https://wsrv.nl/?url=http%3A%2F%2Fvierkant.pixeo.be%2Fengine%2Fhandlers%2Fimage.asp%3Ft%3Dprojectslides%26i%3D543%26w%3D800%26c%3Dfalse', 'HERO', 0),
  ('SP_Series-img-1', 'SP_Series', 'https://wsrv.nl/?url=http%3A%2F%2Fvierkant.pixeo.be%2Fengine%2Fhandlers%2Fimage.asp%3Ft%3Dprojectslides%26i%3D548%26w%3D800%26c%3Dfalse', 'GALLERY', 1),
  ('SP_Series-img-2', 'SP_Series', 'https://wsrv.nl/?url=http%3A%2F%2Fvierkant.pixeo.be%2Fengine%2Fhandlers%2Fimage.asp%3Ft%3Dprojectslides%26i%3D545%26w%3D800%26c%3Dfalse', 'GALLERY', 2),
  ('DMB-img-0', 'DMB', 'https://wsrv.nl/?url=http%3A%2F%2Fvierkant.pixeo.be%2Fengine%2Fhandlers%2Fimage.asp%3Ft%3Dprojectslides%26i%3D543%26w%3D800%26c%3Dfalse', 'HERO', 0),
  ('DMB-img-1', 'DMB', 'https://wsrv.nl/?url=http%3A%2F%2Fvierkant.pixeo.be%2Fengine%2Fhandlers%2Fimage.asp%3Ft%3Dprojectslides%26i%3D548%26w%3D800%26c%3Dfalse', 'GALLERY', 1),
  ('DT_Series-img-0', 'DT_Series', 'https://wsrv.nl/?url=http%3A%2F%2Fvierkant.pixeo.be%2Fengine%2Fhandlers%2Fimage.asp%3Ft%3Dprojectslides%26i%3D543%26w%3D800%26c%3Dfalse', 'HERO', 0),
  ('DT_Series-img-1', 'DT_Series', 'https://wsrv.nl/?url=http%3A%2F%2Fvierkant.pixeo.be%2Fengine%2Fhandlers%2Fimage.asp%3Ft%3Dprojectslides%26i%3D548%26w%3D800%26c%3Dfalse', 'GALLERY', 1),
  ('EM_Series-img-0', 'EM_Series', 'https://wsrv.nl/?url=http%3A%2F%2Fvierkant.pixeo.be%2Fengine%2Fhandlers%2Fimage.asp%3Ft%3Dprojectslides%26i%3D543%26w%3D800%26c%3Dfalse', 'HERO', 0),
  ('EM_Series-img-1', 'EM_Series', 'https://wsrv.nl/?url=http%3A%2F%2Fvierkant.pixeo.be%2Fengine%2Fhandlers%2Fimage.asp%3Ft%3Dprojectslides%26i%3D548%26w%3D800%26c%3Dfalse', 'GALLERY', 1),
  ('EM_Series-img-2', 'EM_Series', 'https://wsrv.nl/?url=http%3A%2F%2Fvierkant.pixeo.be%2Fengine%2Fhandlers%2Fimage.asp%3Ft%3Dprojectslides%26i%3D545%26w%3D800%26c%3Dfalse', 'GALLERY', 2),
  ('Embrace_Bench-img-0', 'Embrace_Bench', 'https://wsrv.nl/?url=http%3A%2F%2Fvierkant.pixeo.be%2Fengine%2Fhandlers%2Fimage.asp%3Ft%3Dprojectslides%26i%3D733%26w%3D800%26c%3Dfalse', 'HERO', 0),
  ('Embrace_Bench-img-1', 'Embrace_Bench', 'https://wsrv.nl/?url=http%3A%2F%2Fvierkant.pixeo.be%2Fengine%2Fhandlers%2Fimage.asp%3Ft%3Dprojectslides%26i%3D734%26w%3D800%26c%3Dfalse', 'GALLERY', 1),
  ('KH_Seating-img-0', 'KH_Seating', 'https://wsrv.nl/?url=http%3A%2F%2Fvierkant.pixeo.be%2Fengine%2Fhandlers%2Fimage.asp%3Ft%3Dprojectslides%26i%3D724%26w%3D800%26c%3Dfalse', 'HERO', 0),
  ('KH_Seating-img-1', 'KH_Seating', 'https://wsrv.nl/?url=http%3A%2F%2Fvierkant.pixeo.be%2Fengine%2Fhandlers%2Fimage.asp%3Ft%3Dprojectslides%26i%3D725%26w%3D800%26c%3Dfalse', 'GALLERY', 1),
  ('KH_Seating-img-2', 'KH_Seating', 'https://wsrv.nl/?url=http%3A%2F%2Fvierkant.pixeo.be%2Fengine%2Fhandlers%2Fimage.asp%3Ft%3Dprojectslides%26i%3D727%26w%3D800%26c%3Dfalse', 'GALLERY', 2),
  ('MLH-img-0', 'MLH', 'https://wsrv.nl/?url=http%3A%2F%2Fvierkant.pixeo.be%2Fengine%2Fhandlers%2Fimage.asp%3Ft%3Dprojectslides%26i%3D543%26w%3D800%26c%3Dfalse', 'HERO', 0),
  ('MLH-img-1', 'MLH', 'https://wsrv.nl/?url=http%3A%2F%2Fvierkant.pixeo.be%2Fengine%2Fhandlers%2Fimage.asp%3Ft%3Dprojectslides%26i%3D548%26w%3D800%26c%3Dfalse', 'GALLERY', 1),
  ('MLH-img-2', 'MLH', 'https://wsrv.nl/?url=http%3A%2F%2Fvierkant.pixeo.be%2Fengine%2Fhandlers%2Fimage.asp%3Ft%3Dprojectslides%26i%3D545%26w%3D800%26c%3Dfalse', 'GALLERY', 2),
  ('DC_Series-img-0', 'DC_Series', 'https://wsrv.nl/?url=http%3A%2F%2Fvierkant.pixeo.be%2Fengine%2Fhandlers%2Fimage.asp%3Ft%3Dprojectslides%26i%3D543%26w%3D800%26c%3Dfalse', 'HERO', 0),
  ('DC_Series-img-1', 'DC_Series', 'https://wsrv.nl/?url=http%3A%2F%2Fvierkant.pixeo.be%2Fengine%2Fhandlers%2Fimage.asp%3Ft%3Dprojectslides%26i%3D548%26w%3D800%26c%3Dfalse', 'GALLERY', 1),
  ('DC_Series-img-2', 'DC_Series', 'https://wsrv.nl/?url=http%3A%2F%2Fvierkant.pixeo.be%2Fengine%2Fhandlers%2Fimage.asp%3Ft%3Dprojectslides%26i%3D545%26w%3D800%26c%3Dfalse', 'GALLERY', 2),
  ('FGS___FGR-img-0', 'FGS___FGR', 'https://wsrv.nl/?url=http%3A%2F%2Fvierkant.pixeo.be%2Fengine%2Fhandlers%2Fimage.asp%3Ft%3Dprojectslides%26i%3D543%26w%3D800%26c%3Dfalse', 'HERO', 0),
  ('FGS___FGR-img-1', 'FGS___FGR', 'https://wsrv.nl/?url=http%3A%2F%2Fvierkant.pixeo.be%2Fengine%2Fhandlers%2Fimage.asp%3Ft%3Dprojectslides%26i%3D548%26w%3D800%26c%3Dfalse', 'GALLERY', 1),
  ('FGS___FGR-img-2', 'FGS___FGR', 'https://wsrv.nl/?url=http%3A%2F%2Fvierkant.pixeo.be%2Fengine%2Fhandlers%2Fimage.asp%3Ft%3Dprojectslides%26i%3D545%26w%3D800%26c%3Dfalse', 'GALLERY', 2),
  ('IP-img-0', 'IP', 'https://wsrv.nl/?url=http%3A%2F%2Fvierkant.pixeo.be%2Fengine%2Fhandlers%2Fimage.asp%3Ft%3Dprojectslides%26i%3D548%26w%3D800%26c%3Dfalse', 'HERO', 0),
  ('IP-img-1', 'IP', 'https://wsrv.nl/?url=http%3A%2F%2Fvierkant.pixeo.be%2Fengine%2Fhandlers%2Fimage.asp%3Ft%3Dprojectslides%26i%3D543%26w%3D800%26c%3Dfalse', 'GALLERY', 1),
  ('LC-img-0', 'LC', 'https://wsrv.nl/?url=http%3A%2F%2Fvierkant.pixeo.be%2Fengine%2Fhandlers%2Fimage.asp%3Ft%3Dprojectslides%26i%3D543%26w%3D800%26c%3Dfalse', 'HERO', 0),
  ('LC-img-1', 'LC', 'https://wsrv.nl/?url=http%3A%2F%2Fvierkant.pixeo.be%2Fengine%2Fhandlers%2Fimage.asp%3Ft%3Dprojectslides%26i%3D548%26w%3D800%26c%3Dfalse', 'GALLERY', 1),
  ('LK-img-0', 'LK', 'https://wsrv.nl/?url=http%3A%2F%2Fvierkant.pixeo.be%2Fengine%2Fhandlers%2Fimage.asp%3Ft%3Dprojectslides%26i%3D724%26w%3D800%26c%3Dfalse', 'HERO', 0),
  ('LK-img-1', 'LK', 'https://wsrv.nl/?url=http%3A%2F%2Fvierkant.pixeo.be%2Fengine%2Fhandlers%2Fimage.asp%3Ft%3Dprojectslides%26i%3D725%26w%3D800%26c%3Dfalse', 'GALLERY', 1),
  ('LMP-img-0', 'LMP', 'https://wsrv.nl/?url=http%3A%2F%2Fvierkant.pixeo.be%2Fengine%2Fhandlers%2Fimage.asp%3Ft%3Dprojectslides%26i%3D724%26w%3D800%26c%3Dfalse', 'HERO', 0),
  ('LMP-img-1', 'LMP', 'https://wsrv.nl/?url=http%3A%2F%2Fvierkant.pixeo.be%2Fengine%2Fhandlers%2Fimage.asp%3Ft%3Dprojectslides%26i%3D725%26w%3D800%26c%3Dfalse', 'GALLERY', 1),
  ('LPS-img-0', 'LPS', 'https://wsrv.nl/?url=http%3A%2F%2Fvierkant.pixeo.be%2Fengine%2Fhandlers%2Fimage.asp%3Ft%3Dprojectslides%26i%3D724%26w%3D800%26c%3Dfalse', 'HERO', 0),
  ('LPS-img-1', 'LPS', 'https://wsrv.nl/?url=http%3A%2F%2Fvierkant.pixeo.be%2Fengine%2Fhandlers%2Fimage.asp%3Ft%3Dprojectslides%26i%3D725%26w%3D800%26c%3Dfalse', 'GALLERY', 1),
  ('LR-img-0', 'LR', 'https://wsrv.nl/?url=http%3A%2F%2Fvierkant.pixeo.be%2Fengine%2Fhandlers%2Fimage.asp%3Ft%3Dprojectslides%26i%3D543%26w%3D800%26c%3Dfalse', 'HERO', 0),
  ('LR-img-1', 'LR', 'https://wsrv.nl/?url=http%3A%2F%2Fvierkant.pixeo.be%2Fengine%2Fhandlers%2Fimage.asp%3Ft%3Dprojectslides%26i%3D548%26w%3D800%26c%3Dfalse', 'GALLERY', 1),
  ('LRC-img-0', 'LRC', 'https://wsrv.nl/?url=http%3A%2F%2Fvierkant.pixeo.be%2Fengine%2Fhandlers%2Fimage.asp%3Ft%3Dprojectslides%26i%3D548%26w%3D800%26c%3Dfalse', 'HERO', 0),
  ('LRC-img-1', 'LRC', 'https://wsrv.nl/?url=http%3A%2F%2Fvierkant.pixeo.be%2Fengine%2Fhandlers%2Fimage.asp%3Ft%3Dprojectslides%26i%3D543%26w%3D800%26c%3Dfalse', 'GALLERY', 1),
  ('ADAMAS-img-0', 'ADAMAS', 'https://wsrv.nl/?url=http%3A%2F%2Fvierkant.pixeo.be%2Fengine%2Fhandlers%2Fimage.asp%3Ft%3Dprojectslides%26i%3D723%26w%3D800%26c%3Dfalse', 'HERO', 0),
  ('ADAMAS-img-1', 'ADAMAS', 'https://wsrv.nl/?url=http%3A%2F%2Fvierkant.pixeo.be%2Fengine%2Fhandlers%2Fimage.asp%3Ft%3Dprojectslides%26i%3D724%26w%3D800%26c%3Dfalse', 'GALLERY', 1),
  ('ADAMAS-img-2', 'ADAMAS', 'https://wsrv.nl/?url=http%3A%2F%2Fvierkant.pixeo.be%2Fengine%2Fhandlers%2Fimage.asp%3Ft%3Dprojectslides%26i%3D725%26w%3D800%26c%3Dfalse', 'GALLERY', 2),
  ('ADAMAS-img-3', 'ADAMAS', 'https://wsrv.nl/?url=http%3A%2F%2Fvierkant.pixeo.be%2Fengine%2Fhandlers%2Fimage.asp%3Ft%3Dprojectslides%26i%3D727%26w%3D800%26c%3Dfalse', 'GALLERY', 3),
  ('ANTHOS-img-0', 'ANTHOS', 'https://wsrv.nl/?url=http%3A%2F%2Fvierkant.pixeo.be%2Fengine%2Fhandlers%2Fimage.asp%3Ft%3Dprojectslides%26i%3D725%26w%3D800%26c%3Dfalse', 'HERO', 0),
  ('ANTHOS-img-1', 'ANTHOS', 'https://wsrv.nl/?url=http%3A%2F%2Fvierkant.pixeo.be%2Fengine%2Fhandlers%2Fimage.asp%3Ft%3Dprojectslides%26i%3D724%26w%3D800%26c%3Dfalse', 'GALLERY', 1),
  ('ANTHOS-img-2', 'ANTHOS', 'https://wsrv.nl/?url=http%3A%2F%2Fvierkant.pixeo.be%2Fengine%2Fhandlers%2Fimage.asp%3Ft%3Dprojectslides%26i%3D723%26w%3D800%26c%3Dfalse', 'GALLERY', 2),
  ('CB-img-0', 'CB', 'https://wsrv.nl/?url=http%3A%2F%2Fvierkant.pixeo.be%2Fengine%2Fhandlers%2Fimage.asp%3Ft%3Dprojectslides%26i%3D543%26w%3D800%26c%3Dfalse', 'HERO', 0),
  ('CB-img-1', 'CB', 'https://wsrv.nl/?url=http%3A%2F%2Fvierkant.pixeo.be%2Fengine%2Fhandlers%2Fimage.asp%3Ft%3Dprojectslides%26i%3D548%26w%3D800%26c%3Dfalse', 'GALLERY', 1),
  ('CBH_Series-img-0', 'CBH_Series', 'https://wsrv.nl/?url=http%3A%2F%2Fvierkant.pixeo.be%2Fengine%2Fhandlers%2Fimage.asp%3Ft%3Dprojectslides%26i%3D548%26w%3D800%26c%3Dfalse', 'HERO', 0),
  ('CBH_Series-img-1', 'CBH_Series', 'https://wsrv.nl/?url=http%3A%2F%2Fvierkant.pixeo.be%2Fengine%2Fhandlers%2Fimage.asp%3Ft%3Dprojectslides%26i%3D550%26w%3D800%26c%3Dfalse', 'GALLERY', 1),
  ('CLE-img-0', 'CLE', 'https://wsrv.nl/?url=http%3A%2F%2Fvierkant.pixeo.be%2Fengine%2Fhandlers%2Fimage.asp%3Ft%3Dprojectslides%26i%3D543%26w%3D800%26c%3Dfalse', 'HERO', 0),
  ('CLE-img-1', 'CLE', 'https://wsrv.nl/?url=http%3A%2F%2Fvierkant.pixeo.be%2Fengine%2Fhandlers%2Fimage.asp%3Ft%3Dprojectslides%26i%3D548%26w%3D800%26c%3Dfalse', 'GALLERY', 1),
  ('PB-img-0', 'PB', 'https://wsrv.nl/?url=http%3A%2F%2Fvierkant.pixeo.be%2Fengine%2Fhandlers%2Fimage.asp%3Ft%3Dprojectslides%26i%3D543%26w%3D800%26c%3Dfalse', 'HERO', 0),
  ('PB-img-1', 'PB', 'https://wsrv.nl/?url=http%3A%2F%2Fvierkant.pixeo.be%2Fengine%2Fhandlers%2Fimage.asp%3Ft%3Dprojectslides%26i%3D548%26w%3D800%26c%3Dfalse', 'GALLERY', 1),
  ('PL___PLU-img-0', 'PL___PLU', 'https://wsrv.nl/?url=http%3A%2F%2Fvierkant.pixeo.be%2Fengine%2Fhandlers%2Fimage.asp%3Ft%3Dprojectslides%26i%3D543%26w%3D800%26c%3Dfalse', 'HERO', 0),
  ('PL___PLU-img-1', 'PL___PLU', 'https://wsrv.nl/?url=http%3A%2F%2Fvierkant.pixeo.be%2Fengine%2Fhandlers%2Fimage.asp%3Ft%3Dprojectslides%26i%3D548%26w%3D800%26c%3Dfalse', 'GALLERY', 1),
  ('PT-img-0', 'PT', 'https://wsrv.nl/?url=http%3A%2F%2Fvierkant.pixeo.be%2Fengine%2Fhandlers%2Fimage.asp%3Ft%3Dprojectslides%26i%3D543%26w%3D800%26c%3Dfalse', 'HERO', 0),
  ('PT-img-1', 'PT', 'https://wsrv.nl/?url=http%3A%2F%2Fvierkant.pixeo.be%2Fengine%2Fhandlers%2Fimage.asp%3Ft%3Dprojectslides%26i%3D548%26w%3D800%26c%3Dfalse', 'GALLERY', 1),
  ('RB___RBC-img-0', 'RB___RBC', 'https://wsrv.nl/?url=http%3A%2F%2Fvierkant.pixeo.be%2Fengine%2Fhandlers%2Fimage.asp%3Ft%3Dprojectslides%26i%3D548%26w%3D800%26c%3Dfalse', 'HERO', 0),
  ('RB___RBC-img-1', 'RB___RBC', 'https://wsrv.nl/?url=http%3A%2F%2Fvierkant.pixeo.be%2Fengine%2Fhandlers%2Fimage.asp%3Ft%3Dprojectslides%26i%3D543%26w%3D800%26c%3Dfalse', 'GALLERY', 1),
  ('SY___SYD-img-0', 'SY___SYD', 'https://wsrv.nl/?url=http%3A%2F%2Fvierkant.pixeo.be%2Fengine%2Fhandlers%2Fimage.asp%3Ft%3Dprojectslides%26i%3D543%26w%3D800%26c%3Dfalse', 'HERO', 0),
  ('SY___SYD-img-1', 'SY___SYD', 'https://wsrv.nl/?url=http%3A%2F%2Fvierkant.pixeo.be%2Fengine%2Fhandlers%2Fimage.asp%3Ft%3Dprojectslides%26i%3D548%26w%3D800%26c%3Dfalse', 'GALLERY', 1),
  ('TA-img-0', 'TA', 'https://wsrv.nl/?url=http%3A%2F%2Fvierkant.pixeo.be%2Fengine%2Fhandlers%2Fimage.asp%3Ft%3Dprojectslides%26i%3D543%26w%3D800%26c%3Dfalse', 'HERO', 0),
  ('TA-img-1', 'TA', 'https://wsrv.nl/?url=http%3A%2F%2Fvierkant.pixeo.be%2Fengine%2Fhandlers%2Fimage.asp%3Ft%3Dprojectslides%26i%3D548%26w%3D800%26c%3Dfalse', 'GALLERY', 1),
  ('TAALO-img-0', 'TAALO', 'https://wsrv.nl/?url=http%3A%2F%2Fvierkant.pixeo.be%2Fengine%2Fhandlers%2Fimage.asp%3Ft%3Dprojectslides%26i%3D701%26w%3D800%26c%3Dfalse', 'HERO', 0),
  ('TAALO-img-1', 'TAALO', 'https://wsrv.nl/?url=http%3A%2F%2Fvierkant.pixeo.be%2Fengine%2Fhandlers%2Fimage.asp%3Ft%3Dprojectslides%26i%3D702%26w%3D800%26c%3Dfalse', 'GALLERY', 1),
  ('TAALO-img-2', 'TAALO', 'https://wsrv.nl/?url=http%3A%2F%2Fvierkant.pixeo.be%2Fengine%2Fhandlers%2Fimage.asp%3Ft%3Dprojectslides%26i%3D697%26w%3D800%26c%3Dfalse', 'GALLERY', 2),
  ('TAH-img-0', 'TAH', 'https://wsrv.nl/?url=http%3A%2F%2Fvierkant.pixeo.be%2Fengine%2Fhandlers%2Fimage.asp%3Ft%3Dprojectslides%26i%3D543%26w%3D800%26c%3Dfalse', 'HERO', 0),
  ('TAH-img-1', 'TAH', 'https://wsrv.nl/?url=http%3A%2F%2Fvierkant.pixeo.be%2Fengine%2Fhandlers%2Fimage.asp%3Ft%3Dprojectslides%26i%3D548%26w%3D800%26c%3Dfalse', 'GALLERY', 1),
  ('TAJ-img-0', 'TAJ', 'https://wsrv.nl/?url=http%3A%2F%2Fvierkant.pixeo.be%2Fengine%2Fhandlers%2Fimage.asp%3Ft%3Dprojectslides%26i%3D543%26w%3D800%26c%3Dfalse', 'HERO', 0),
  ('TAJ-img-1', 'TAJ', 'https://wsrv.nl/?url=http%3A%2F%2Fvierkant.pixeo.be%2Fengine%2Fhandlers%2Fimage.asp%3Ft%3Dprojectslides%26i%3D548%26w%3D800%26c%3Dfalse', 'GALLERY', 1),
  ('TW-img-0', 'TW', 'https://wsrv.nl/?url=http%3A%2F%2Fvierkant.pixeo.be%2Fengine%2Fhandlers%2Fimage.asp%3Ft%3Dprojectslides%26i%3D543%26w%3D800%26c%3Dfalse', 'HERO', 0),
  ('TW-img-1', 'TW', 'https://wsrv.nl/?url=http%3A%2F%2Fvierkant.pixeo.be%2Fengine%2Fhandlers%2Fimage.asp%3Ft%3Dprojectslides%26i%3D548%26w%3D800%26c%3Dfalse', 'GALLERY', 1),
  ('ZB-img-0', 'ZB', 'https://wsrv.nl/?url=http%3A%2F%2Fvierkant.pixeo.be%2Fengine%2Fhandlers%2Fimage.asp%3Ft%3Dprojectslides%26i%3D543%26w%3D800%26c%3Dfalse', 'HERO', 0),
  ('ZB-img-1', 'ZB', 'https://wsrv.nl/?url=http%3A%2F%2Fvierkant.pixeo.be%2Fengine%2Fhandlers%2Fimage.asp%3Ft%3Dprojectslides%26i%3D548%26w%3D800%26c%3Dfalse', 'GALLERY', 1),
  ('ZS-img-0', 'ZS', 'https://wsrv.nl/?url=http%3A%2F%2Fvierkant.pixeo.be%2Fengine%2Fhandlers%2Fimage.asp%3Ft%3Dprojectslides%26i%3D543%26w%3D800%26c%3Dfalse', 'HERO', 0),
  ('ZS-img-1', 'ZS', 'https://wsrv.nl/?url=http%3A%2F%2Fvierkant.pixeo.be%2Fengine%2Fhandlers%2Fimage.asp%3Ft%3Dprojectslides%26i%3D548%26w%3D800%26c%3Dfalse', 'GALLERY', 1),
  ('ZSL-img-0', 'ZSL', 'https://wsrv.nl/?url=http%3A%2F%2Fvierkant.pixeo.be%2Fengine%2Fhandlers%2Fimage.asp%3Ft%3Dprojectslides%26i%3D543%26w%3D800%26c%3Dfalse', 'HERO', 0),
  ('ZSL-img-1', 'ZSL', 'https://wsrv.nl/?url=http%3A%2F%2Fvierkant.pixeo.be%2Fengine%2Fhandlers%2Fimage.asp%3Ft%3Dprojectslides%26i%3D548%26w%3D800%26c%3Dfalse', 'GALLERY', 1);

-- Product variants (models)
INSERT INTO "ProductVariant" ("id","productId","code","eurPrice","dims") VALUES
  ('ARON80', 'ARON', 'ARON80', 2983, 'a=108cm · b=35cm · c=85cm · d=73cm · h=81cm · 80kg'),
  ('ARON100', 'ARON', 'ARON100', 3569, 'a=100cm · b=45cm · c=90cm · d=90cm · h=101cm · 110kg'),
  ('IRIS100', 'IRIS', 'IRIS100', 3187, 'a=110cm · b=40cm · d=92cm · h=97cm · 100kg'),
  ('IRIS120', 'IRIS', 'IRIS120', 3610, 'a=130cm · b=51cm · d=103cm · h=114cm · 150kg'),
  ('KALIS80', 'KALIS', 'KALIS80', 2262, 'a=82cm · b=28cm · h=58cm · 80kg'),
  ('KALIS100', 'KALIS', 'KALIS100', 2545, 'a=101cm · b=36cm · h=74cm · 120kg'),
  ('KORIL70', 'KORIL', 'KORIL70', 2053, 'b=68cm · h=73cm · 90kg'),
  ('LEDA90', 'LEDA', 'LEDA90', 1520, 'a=91cm · b=22cm · h=29cm · 45kg'),
  ('LEDA100', 'LEDA', 'LEDA100', 1782, 'a=100cm · b=24cm · h=32cm · 55kg'),
  ('SEMINA160', 'SEMINA', 'SEMINA160', 2628, 'a=29.5cm · b=29cm · c=44cm · h=162cm · 120kg'),
  ('SEMINA180', 'SEMINA', 'SEMINA180', 3119, 'a=33cm · b=34cm · c=50cm · h=181cm · 170kg'),
  ('MIRA70', 'MIRA', 'MIRA70', 1501, 'a=71cm · b=46cm · h=36cm · 80kg'),
  ('MIRA100', 'MIRA', 'MIRA100', 2542, 'a=105cm · b=68cm · h=53cm · 200kg'),
  ('TORSA30', 'TORSA', 'TORSA30', 992, 'a=95cm · b=56cm · h=30cm · 50kg'),
  ('TORSA70', 'TORSA', 'TORSA70', 1546, 'a=94cm · b=44cm · h=67cm · 75kg'),
  ('A40', 'A_Series', 'A40', 116, 'a=47cm · b=23cm · h=40cm · 20kg · 27.5L'),
  ('A50', 'A_Series', 'A50', 188, 'a=56cm · b=25cm · h=49cm · 30kg · 52L'),
  ('A60', 'A_Series', 'A60', 417, 'a=70cm · b=35cm · h=60cm · 40kg · 108.5L'),
  ('A70', 'A_Series', 'A70', 622, 'a=75cm · b=40cm · h=70cm · 55kg · 150.5L'),
  ('A80', 'A_Series', 'A80', 897, 'a=88cm · b=48cm · h=81cm · 70kg · 246L'),
  ('A90', 'A_Series', 'A90', 1318, 'a=99cm · b=53cm · h=91cm · 100kg · 399L'),
  ('A100', 'A_Series', 'A100', 1946, 'a=110cm · b=58cm · h=101cm · 135kg · 526L'),
  ('A110', 'A_Series', 'A110', 2863, 'a=120cm · b=62cm · h=110cm · 180kg · 704L'),
  ('A120', 'A_Series', 'A120', 3397, 'a=130cm · b=70cm · h=120cm · 200kg · 880L'),
  ('AB60', 'A_Series', 'AB60', 564, 'a=48cm · b=48cm · h=60cm · 60kg'),
  ('AB80', 'A_Series', 'AB80', 1018, 'a=60cm · b=60cm · h=70cm · 60kg'),
  ('AH50', 'AH_Series', 'AH50', 134, 'a=29cm · b=17cm · h=49cm · 15kg · 14L'),
  ('AH65', 'AH_Series', 'AH65', 159, 'a=37cm · b=20cm · h=64cm · 20kg · 30L'),
  ('AH90', 'AH_Series', 'AH90', 505, 'a=42cm · b=26cm · h=90cm · 35kg · 75L'),
  ('AH130', 'AH_Series', 'AH130', 1309, 'a=72cm · b=34cm · h=127cm · 90kg · 250L'),
  ('AH140', 'AH_Series', 'AH140', 1474, 'a=60cm · b=45cm · h=140cm · 90kg · 286L'),
  ('AH180', 'AH_Series', 'AH180', 4048, 'a=88cm · b=53cm · h=180cm · 150kg · 515L'),
  ('AH220', 'AH_Series', 'AH220', 5309, 'a=100cm · b=65cm · h=226cm · 250kg · 700L'),
  ('AHB180', 'AH_Series', 'AHB180', 3753, 'a=61cm · b=42cm · h=180cm · 200kg'),
  ('AHB220', 'AH_Series', 'AHB220', 4862, 'a=70cm · b=50cm · h=220cm · 300kg'),
  ('AHC140', 'AH_Series', 'AHC140', 1547, 'a=62cm · b=34cm · h=136cm · 90kg'),
  ('AHT140', 'AH_Series', 'AHT140', 1547, 'a=62cm · b=34cm · h=136cm · 90kg'),
  ('AHE90', 'AH_Series', 'AHE90', 822, 'a=42cm · b=26cm · h=90cm · 90kg'),
  ('AHO90', 'AH_Series', 'AHO90', 719, 'a=42cm · b=26cm · h=90cm · 40kg · 75L'),
  ('AHO140', 'AH_Series', 'AHO140', 1547, 'a=60cm · b=45cm · h=140cm · 100kg · 286L'),
  ('AHP90', 'AH_Series', 'AHP90', 1235, 'a=70cm · b=35cm · h=97cm · 90kg'),
  ('AHP130', 'AH_Series', 'AHP130', 1880, 'a=73cm · b=35cm · h=127cm · 120kg'),
  ('AHS180', 'AH_Series', 'AHS180', 3174, 'a=61cm · b=42cm · h=180cm · 200kg'),
  ('AHS220', 'AH_Series', 'AHS220', 4226, 'a=70cm · b=50cm · h=220cm · 300kg'),
  ('AHSB180', 'AH_Series', 'AHSB180', 3900, 'a=61cm · b=42cm · h=180cm · 200kg'),
  ('AHSB220', 'AH_Series', 'AHSB220', 4788, 'a=70cm · b=50cm · h=220cm · 300kg'),
  ('AK60', 'AK_Series', 'AK60', 598, 'a=70cm · b=35cm · h=60cm · 40kg · 108.5L'),
  ('AK70', 'AK_Series', 'AK70', 799, 'a=75cm · b=40cm · h=70cm · 55kg · 150.5L'),
  ('AK80', 'AK_Series', 'AK80', 1067, 'a=88cm · b=48cm · h=81cm · 70kg · 246L'),
  ('AK90', 'AK_Series', 'AK90', 1500, 'a=99cm · b=53cm · h=91cm · 100kg · 399L'),
  ('AK100', 'AK_Series', 'AK100', 2346, 'a=110cm · b=58cm · h=101cm · 135kg · 526L'),
  ('AK110', 'AK_Series', 'AK110', 3383, 'a=120cm · b=62cm · h=110cm · 180kg · 704L'),
  ('AK120', 'AK_Series', 'AK120', 4166, 'a=130cm · b=70cm · h=120cm · 200kg · 880L'),
  ('AMP80', 'AMP', 'AMP80', 1717, 'a=25cm · b=25cm · c=80cm · h=52cm · 85kg'),
  ('AMP110', 'AMP', 'AMP110', 2603, 'a=35cm · b=35cm · c=110cm · h=70cm · 150kg'),
  ('AS60', 'AS_Series', 'AS60', 542, 'a=48cm · b=48cm · h=60cm · 60kg — Felix'),
  ('AS70', 'AS_Series', 'AS70', 935, 'a=60cm · b=60cm · h=70cm · 60kg — Gigi'),
  ('AS130', 'AS_Series', 'AS130', 1526, 'a=50cm · b=50cm · h=126cm · 80kg — Irma'),
  ('AS150', 'AS_Series', 'AS150', 1838, 'a=37cm · b=37cm · h=153cm · 95kg — Cloë'),
  ('AS160', 'AS_Series', 'AS160', 2435, 'a=58cm · b=58cm · h=160cm · 130kg — Elio'),
  ('AS170', 'AS_Series', 'AS170', 2306, 'a=40cm · b=40cm · h=171cm · 130kg — Denise'),
  ('ASD170', 'AS_Series', 'ASD170', 2390, 'a=45cm · b=45cm · h=171cm · 130kg — Henri'),
  ('AST150', 'AS_Series', 'AST150', 2299, 'a=37cm · b=37cm · h=153cm · 95kg — Cloë'),
  ('AST170', 'AS_Series', 'AST170', 2882, 'a=40cm · b=40cm · h=171cm · 130kg — Denise'),
  ('ASDT170', 'AS_Series', 'ASDT170', 2983, 'a=45cm · b=45cm · h=171cm · 130kg — Henri'),
  ('ASL', 'AS_Series', 'ASL', 990, 'a=39cm · b=31cm · c=41cm · h=72.5cm · 40kg'),
  ('AU60', 'AU_Series', 'AU60', 356, 'a=54cm · b=28cm · h=60cm · 35kg · 60L'),
  ('AU70', 'AU_Series', 'AU70', 496, 'a=63cm · b=33cm · h=70cm · 50kg · 120L'),
  ('AU80', 'AU_Series', 'AU80', 748, 'a=72cm · b=37cm · h=80cm · 65kg · 180L'),
  ('AU90', 'AU_Series', 'AU90', 1281, 'a=86cm · b=41cm · h=90cm · 95kg · 270L'),
  ('AU100', 'AU_Series', 'AU100', 1814, 'a=90cm · b=45cm · h=100cm · 150kg · 380L'),
  ('AU130', 'AU_Series', 'AU130', 3234, 'a=120cm · b=65cm · h=130cm · 200kg · 958L'),
  ('AU180', 'AU_Series', 'AU180', 10205, 'a=165cm · b=85cm · h=180cm · 650kg · 2885L'),
  ('AUX80', 'AU_Series', 'AUX80', 401, 'a=56cm · b=27cm · h=80cm · 45kg · 120L'),
  ('AUB60', 'AU_Series', 'AUB60', 548, 'a=54cm · b=28cm · h=60cm · 40kg · 60L'),
  ('AUB70', 'AU_Series', 'AUB70', 832, 'a=63cm · b=33cm · h=70cm · 60kg · 120L'),
  ('AUB80', 'AU_Series', 'AUB80', 1206, 'a=72cm · b=37cm · h=80cm · 85kg · 180L'),
  ('AUB100', 'AU_Series', 'AUB100', 2465, 'a=90cm · b=45cm · h=100cm · 150kg · 380L'),
  ('AUB130', 'AU_Series', 'AUB130', 4580, 'a=120cm · b=65cm · h=130cm · 250kg · 958L'),
  ('AUB180', 'AU_Series', 'AUB180', 10857, 'a=165cm · b=85cm · h=180cm · 800kg · 2885L'),
  ('AUI80', 'AU_Series', 'AUI80', 1369, 'a=72cm · b=37cm · h=80cm · 85kg · 180L'),
  ('AUI100', 'AU_Series', 'AUI100', 2497, 'a=90cm · b=45cm · h=100cm · 150kg · 380L'),
  ('AUI130', 'AU_Series', 'AUI130', 4573, 'a=120cm · b=65cm · h=130cm · 250kg · 958L'),
  ('AUO80', 'AU_Series', 'AUO80', 1221, 'a=72cm · b=37cm · h=80cm · 65kg · 180L'),
  ('AUO100', 'AU_Series', 'AUO100', 2155, 'a=90cm · b=45cm · h=100cm · 150kg · 380L'),
  ('AUO130', 'AU_Series', 'AUO130', 4389, 'a=120cm · b=65cm · h=130cm · 250kg · 958L'),
  ('AUSX80', 'AU_Series', 'AUSX80', 556, 'a=56cm · b=27cm · h=80cm · 45kg · 120L'),
  ('AUS80', 'AU_Series', 'AUS80', 836, 'a=72cm · b=37cm · h=80cm · 65kg · 180L'),
  ('AUS100', 'AU_Series', 'AUS100', 2361, 'a=90cm · b=45cm · h=100cm · 150kg · 380L'),
  ('AUS180', 'AU_Series', 'AUS180', 10635, 'a=165cm · b=85cm · h=180cm · 800kg · 2885L'),
  ('U40', 'U_Series', 'U40', 117, 'Ø=40cm · b=19.5cm · h=30cm · 15kg · 18L'),
  ('U50', 'U_Series', 'U50', 159, 'Ø=50cm · b=23.5cm · h=39cm · 20kg · 40L'),
  ('U60', 'U_Series', 'U60', 234, 'Ø=60cm · b=27cm · h=48cm · 35kg · 79.4L'),
  ('U70', 'U_Series', 'U70', 465, 'Ø=70cm · b=32cm · h=50cm · 50kg · 123.5L'),
  ('U80', 'U_Series', 'U80', 776, 'Ø=78cm · b=31.5cm · h=60cm · 65kg · 140.4L'),
  ('U90', 'U_Series', 'U90', 1104, 'Ø=90cm · b=41cm · h=63cm · 110kg · 248.2L'),
  ('U100', 'U_Series', 'U100', 1561, 'Ø=100cm · b=45cm · h=72cm · 150kg · 365L'),
  ('U10080', 'U_Series', 'U10080', 1656, 'Ø=100cm · b=45cm · h=78cm · 170kg · 465L'),
  ('U12065', 'U_Series', 'U12065', 3055, 'Ø=120cm · b=60cm · h=65cm · 200kg · 535L'),
  ('U120', 'U_Series', 'U120', 3486, 'Ø=120cm · b=60cm · h=90cm · 250kg · 683L'),
  ('U140', 'U_Series', 'U140', 5247, 'Ø=140cm · b=75cm · h=96cm · 350kg · 800L'),
  ('U160', 'U_Series', 'U160', 7823, 'Ø=160cm · b=96cm · h=96cm · 450kg · 1285L'),
  ('UB80', 'UB', 'UB80', 980, 'Ø=78cm · b=30cm · h=68cm · 75kg · 140.4L — Bark texture'),
  ('UC50', 'UC', 'UC50', 348, 'a=47cm · b=57cm · h=46cm · 20kg'),
  ('UE80', 'UE_Series', 'UE80', 1104, 'Ø=78cm · h=60cm · 65kg · 140.4L'),
  ('UE100', 'UE_Series', 'UE100', 2199, 'Ø=100cm · h=72cm · 150kg · 365L'),
  ('UE120', 'UE_Series', 'UE120', 4714, 'Ø=120cm · h=90cm · 250kg · 683L'),
  ('UF60', 'UF_Series', 'UF60', 713, 'Ø=58cm · h=44cm · 50kg · 79.4L'),
  ('UF70', 'UF_Series', 'UF70', 847, 'Ø=70cm · h=50cm · 70kg · 105L'),
  ('UF80', 'UF_Series', 'UF80', 1217, 'Ø=80cm · h=60cm · 80kg · 140.4L'),
  ('UF100', 'UF_Series', 'UF100', 3180, 'Ø=100cm · h=68cm · 250kg · 365L'),
  ('UF120', 'UF_Series', 'UF120', 5671, 'Ø=120cm · h=90cm · 350kg · 683L'),
  ('UF140', 'UF_Series', 'UF140', 7067, 'Ø=140cm · h=90cm · 400kg · 800L'),
  ('UF160', 'UF_Series', 'UF160', 10937, 'Ø=160cm · h=96cm · 500kg · 1285L'),
  ('UFS80', 'UFS', 'UFS80', 450, 'Ø=80cm · h=15cm · 50kg'),
  ('UG60', 'UG', 'UG60', 310, 'Ø=60cm · h=47cm · 35kg · 79.4L'),
  ('UH80', 'UH', 'UH80', 536, 'Ø=48cm · h=72cm · 35kg'),
  ('UM80', 'UM_Series', 'UM80', 971, 'Ø=80cm · h=60cm · 70kg · 140.4L'),
  ('UM100', 'UM_Series', 'UM100', 2050, 'Ø=100cm · h=72cm · 150kg · 365L'),
  ('UM120', 'UM_Series', 'UM120', 4418, 'Ø=120cm · h=88cm · 250kg · 683L'),
  ('UO80', 'UO', 'UO80', 1340, 'Ø=78cm · b=30cm · h=68cm · 75kg · 140.4L'),
  ('UO120', 'UO', 'UO120', 5720, 'Ø=120cm · b=68cm · h=90cm · 350kg · 683L'),
  ('UP60', 'UP', 'UP60', 364, 'Ø=60cm · h=47cm · 35kg'),
  ('UQ100', 'UQ', 'UQ100', 3180, 'Ø=98cm · b=52cm · h=78cm · 260kg'),
  ('UR50', 'UR_Series', 'UR50', 421, 'Ø=60cm · h=40cm · 30kg · 50L'),
  ('UR60', 'UR_Series', 'UR60', 465, 'Ø=60cm · h=50cm · 35kg · 79.4L'),
  ('UR70', 'UR_Series', 'UR70', 651, 'Ø=70cm · h=50cm · 55kg · 123.5L'),
  ('UR80', 'UR_Series', 'UR80', 971, 'Ø=78cm · h=60cm · 70kg · 140.4L'),
  ('UR90', 'UR_Series', 'UR90', 1354, 'Ø=90cm · h=68cm · 110kg · 248.2L'),
  ('UR100', 'UR_Series', 'UR100', 2050, 'Ø=100cm · h=72cm · 150kg · 365L'),
  ('UR120', 'UR_Series', 'UR120', 4418, 'Ø=120cm · h=90cm · 250kg · 683L'),
  ('US60', 'US_Series', 'US60', 530, 'Ø=58cm · h=44cm · 35kg · 79.4L'),
  ('US70', 'US_Series', 'US70', 651, 'Ø=70cm · h=50cm · 55kg · 123.5L'),
  ('US80', 'US_Series', 'US80', 971, 'Ø=78cm · h=68cm · 65kg · 140.4L'),
  ('US90', 'US_Series', 'US90', 1362, 'Ø=90cm · h=68cm · 110kg · 248.2L'),
  ('US100', 'US_Series', 'US100', 2124, 'Ø=100cm · h=72cm · 150kg · 365L'),
  ('US120', 'US_Series', 'US120', 4418, 'Ø=120cm · h=90cm · 250kg · 683L'),
  ('UT80', 'UT_Series', 'UT80', 971, 'Ø=80cm · h=60cm · 70kg · 140.4L'),
  ('UT100', 'UT_Series', 'UT100', 2050, 'Ø=100cm · h=72cm · 150kg · 365L'),
  ('UT120', 'UT_Series', 'UT120', 4418, 'Ø=120cm · h=88cm · 250kg · 683L'),
  ('UZ60', 'UZ_Series', 'UZ60', 421, 'Ø=60cm · h=40cm · 30kg — (approx)'),
  ('UZ70', 'UZ_Series', 'UZ70', 659, 'Ø=70cm · h=50cm · 50kg'),
  ('UZ80', 'UZ_Series', 'UZ80', 977, 'Ø=80cm · h=60cm · 70kg'),
  ('UZ90', 'UZ_Series', 'UZ90', 1340, 'Ø=90cm · h=68cm · 110kg'),
  ('UZ100', 'UZ_Series', 'UZ100', 2081, 'Ø=100cm · h=72cm · 150kg'),
  ('UZ120', 'UZ_Series', 'UZ120', 4418, 'Ø=120cm · h=88cm · 250kg'),
  ('KE70', 'K_Series', 'KE70', 844, 'a=50cm · b=68cm · h=36cm · 45kg'),
  ('KE100', 'K_Series', 'KE100', 2065, 'a=73cm · b=100cm · h=54cm · 100kg'),
  ('KR70', 'K_Series', 'KR70', 844, 'a=56cm · b=61cm · h=38cm · 45kg'),
  ('KR85', 'K_Series', 'KR85', 1531, 'a=70cm · b=78cm · h=45cm · 75kg'),
  ('KR100', 'K_Series', 'KR100', 2065, 'a=86cm · b=93cm · h=52cm · 100kg'),
  ('KR120', 'K_Series', 'KR120', 3409, 'a=120cm · b=109cm · h=70cm · 150kg'),
  ('KD70', 'K_Series', 'KD70', 844, 'a=55cm · b=68cm · h=38cm · 45kg'),
  ('KD85', 'K_Series', 'KD85', 1531, 'a=70cm · b=83cm · h=48cm · 75kg'),
  ('KD100', 'K_Series', 'KD100', 2065, 'a=86cm · b=102cm · h=56cm · 100kg'),
  ('KKA50', 'KKA', 'KKA50', 925, 'Ø=65cm · h=44cm · 50kg'),
  ('KKA80', 'KKA', 'KKA80', 1917, 'Ø=80cm · h=47cm · 80kg'),
  ('KKA100', 'KKA', 'KKA100', 2420, 'Ø=108cm · h=58cm · 120kg'),
  ('KOB75', 'KOB___KOS', 'KOB75', 2204, 'a=82cm · b=75cm · h=50cm · 50kg'),
  ('KOB100', 'KOB___KOS', 'KOB100', 2758, 'a=105cm · b=93cm · h=63cm · 100kg'),
  ('KOS85', 'KOB___KOS', 'KOS85', 2204, 'a=82cm · b=56cm · h=46cm · 75kg'),
  ('KOS100', 'KOB___KOS', 'KOS100', 2758, 'a=104cm · b=71cm · h=57cm · 100kg'),
  ('KRK65', 'KRK', 'KRK65', 720, 'a=35cm · b=23cm · c=64cm · h=64cm · 85kg'),
  ('KRK85', 'KRK', 'KRK85', 1440, 'a=50cm · b=34cm · c=93cm · h=85cm · 185kg'),
  ('KTL65', 'KTL', 'KTL65', 831, 'a=44cm · b=23cm · c=62cm · h=63cm · 70kg'),
  ('KTL80', 'KTL', 'KTL80', 1385, 'a=57cm · b=40cm · c=86cm · h=76cm · 145kg'),
  ('KX80', 'KX', 'KX80', 2106, 'a=80cm · b=104cm · h=48cm · 120kg'),
  ('KL120', 'KL', 'KL120', 2524, 'a=116cm · b=30cm · 60kg'),
  ('O60', 'O_Series', 'O60', 280, 'a=60cm · b=22cm · h=31cm · 30kg · 34.4L'),
  ('O75', 'O_Series', 'O75', 525, 'a=72cm · b=24cm · h=33cm · 48kg · 60.5L'),
  ('O90', 'O_Series', 'O90', 776, 'a=92cm · b=36cm · h=44cm · 60kg · 112L'),
  ('O105', 'O_Series', 'O105', 1202, 'a=113cm · b=45cm · h=55cm · 85kg · 240L'),
  ('O120', 'O_Series', 'O120', 1769, 'a=120cm · b=60cm · h=65cm · 100kg · 405L'),
  ('O150', 'O_Series', 'O150', 3102, 'a=145cm · b=71cm · h=72cm · 150kg · 542L'),
  ('O165', 'O_Series', 'O165', 4374, 'a=172cm · b=80cm · h=92cm · 200kg · 895L'),
  ('OCT/A21', 'OCT', 'OCT/A21', 606, 'a=80cm · b=66cm · h=21cm · 45kg'),
  ('OCT/A36', 'OCT', 'OCT/A36', 725, 'a=80cm · b=66cm · h=36cm · 60kg'),
  ('OCT/A45', 'OCT', 'OCT/A45', 792, 'a=80cm · b=66cm · h=45cm · 75kg'),
  ('OCT/B21', 'OCT', 'OCT/B21', 725, 'a=88cm · b=71cm · h=21cm · 45kg'),
  ('OCT/B36', 'OCT', 'OCT/B36', 792, 'a=88cm · b=71cm · h=36cm · 60kg'),
  ('OCT/B45', 'OCT', 'OCT/B45', 836, 'a=88cm · b=71cm · h=45cm · 75kg'),
  ('OCT/C21', 'OCT', 'OCT/C21', 822, 'a=90cm · b=56cm · h=21cm · 45kg'),
  ('OCT/C36', 'OCT', 'OCT/C36', 866, 'a=90cm · b=56cm · h=36cm · 60kg'),
  ('OCT/C45', 'OCT', 'OCT/C45', 934, 'a=90cm · b=56cm · h=45cm · 75kg'),
  ('OCT/D21', 'OCT', 'OCT/D21', 904, 'a=100cm · b=55cm · h=21cm · 55kg'),
  ('OCT/D36', 'OCT', 'OCT/D36', 948, 'a=100cm · b=55cm · h=36cm · 40kg'),
  ('OCT/D45', 'OCT', 'OCT/D45', 1015, 'a=100cm · b=55cm · h=45cm · 85kg'),
  ('OD40', 'OD___ODB', 'OD40', 263, 'Ø=40cm · h=45cm · 35kg · 55L'),
  ('ODB40', 'OD___ODB', 'ODB40', 398, 'Ø=40cm · h=45cm · 35kg · colour rim'),
  ('OD50', 'OD___ODB', 'OD50', 450, 'Ø=50cm · h=53cm · 40kg · 105L'),
  ('ODB50', 'OD___ODB', 'ODB50', 533, 'Ø=50cm · h=53cm · colour rim'),
  ('OD55', 'OD___ODB', 'OD55', 637, 'Ø=55cm · h=60cm · 50kg · 185L'),
  ('ODB55', 'OD___ODB', 'ODB55', 734, 'Ø=55cm · h=60cm · colour rim'),
  ('OD60', 'OD___ODB', 'OD60', 888, 'Ø=60cm · h=72cm · 60kg · 252L'),
  ('ODB60', 'OD___ODB', 'ODB60', 1015, 'Ø=60cm · h=72cm · colour rim'),
  ('OE40', 'OE_Series', 'OE40', 235, 'Ø=44cm · h=37cm · 35kg · 45L'),
  ('OE60', 'OE_Series', 'OE60', 462, 'Ø=56cm · h=55cm · 50kg · 115L'),
  ('OE70', 'OE_Series', 'OE70', 705, 'Ø=72cm · h=64.5cm · 75kg · 190L'),
  ('OE80', 'OE_Series', 'OE80', 1060, 'Ø=76cm · h=73cm · 100kg · 250L'),
  ('OE100', 'OE_Series', 'OE100', 1859, 'Ø=110cm · h=95cm · 150kg · 565L'),
  ('OE120', 'OE_Series', 'OE120', 3234, 'Ø=116cm · h=114cm · 250kg · 895L'),
  ('OF50', 'OF_Series', 'OF50', 405, 'a=45cm · c=55cm · h=44cm · 30kg · 65L'),
  ('OF70', 'OF_Series', 'OF70', 783, 'a=60cm · c=75cm · h=65cm · 50kg · 156L'),
  ('OF80', 'OF_Series', 'OF80', 1168, 'a=73cm · c=90cm · h=80cm · 75kg · 265L'),
  ('OF90', 'OF_Series', 'OF90', 1495, 'a=85cm · c=105cm · h=85cm · 100kg · 369L'),
  ('OF110', 'OF_Series', 'OF110', 2109, 'a=110cm · c=125cm · h=101cm · 150kg · 735L'),
  ('OF120', 'OF_Series', 'OF120', 3285, 'a=120cm · c=130cm · h=111cm · 200kg · 1150L'),
  ('OP40', 'OP', 'OP40', 405, 'a=36cm · b=29.5cm · h=38cm · 19kg'),
  ('OP70', 'OP', 'OP70', 1238, 'a=69cm · b=52cm · h=73cm · 75kg'),
  ('OV60', 'OV', 'OV60', 310, 'Ø=55cm · h=18cm · 20kg · 20L'),
  ('OV90', 'OV', 'OV90', 645, 'Ø=88cm · h=22cm · 35kg · 65L'),
  ('CL35', 'CL_Series', 'CL35', 143, 'Ø=35cm · h=35cm · 20kg · 18L'),
  ('CL40', 'CL_Series', 'CL40', 177, 'Ø=40cm · h=40cm · 25kg · 30L'),
  ('CL50', 'CL_Series', 'CL50', 370, 'Ø=50cm · h=50cm · 30kg · 66L'),
  ('CLL50', 'CL_Series', 'CLL50', 153, 'Ø=50cm · h=21cm · 25kg · 26L'),
  ('CL60', 'CL_Series', 'CL60', 815, 'Ø=60cm · h=65cm · 50kg · 135L'),
  ('CL70', 'CL_Series', 'CL70', 1067, 'Ø=70cm · h=70cm · 60kg · 205L'),
  ('CL80', 'CL_Series', 'CL80', 929, 'Ø=80cm · h=45cm · 70kg · 158L'),
  ('CL100', 'CL_Series', 'CL100', 2273, 'Ø=100cm · h=70cm · 110kg · 434L'),
  ('CLB60', 'CLB', 'CLB60', 1018, 'a=56cm · b=66cm · h=59.5cm · 85kg'),
  ('CLG60', 'CLG', 'CLG60', 919, 'a=60cm · b=63cm · h=53cm · 65kg · 113L'),
  ('CLG70', 'CLG', 'CLG70', 1134, 'a=70cm · b=60cm · h=57cm · 75kg · 200L'),
  ('CLG100', 'CLG', 'CLG100', 2524, 'a=100cm · b=90cm · h=80cm · 110kg · 434L'),
  ('CLK60', 'CLK', 'CLK60', 941, 'Ø=60cm · h=65cm · 50kg'),
  ('CLK80', 'CLK', 'CLK80', 1073, 'Ø=80cm · h=45cm · 70kg'),
  ('CLO50', 'CLO', 'CLO50', 414, 'a=46cm · b=43cm · h=50cm · 40kg'),
  ('CLO80', 'CLO', 'CLO80', 667, 'a=57cm · b=51cm · h=80cm · 60kg'),
  ('CLT55', 'CLT', 'CLT55', 553, 'a=42cm · b=56cm · h=52cm · 35kg · 65L'),
  ('CLT80', 'CLT', 'CLT80', 955, 'a=69cm · b=82cm · h=52cm · 65kg · 185L'),
  ('B2080', 'B_Series', 'B2080', 460, 'a=20cm · c=20cm · h=80cm · 20kg · 16L'),
  ('B20100', 'B_Series', 'B20100', 540, 'a=20cm · c=20cm · h=100cm · 25kg · 21L'),
  ('B20120', 'B_Series', 'B20120', 704, 'a=20cm · c=20cm · h=120cm · 30kg · 25L'),
  ('B3030', 'B_Series', 'B3030', 129, 'a=30cm · h=30cm · 15kg · 19L'),
  ('B4040', 'B_Series', 'B4040', 279, 'a=40cm · h=40cm · 20kg · 37L'),
  ('B5050', 'B_Series', 'B5050', 473, 'a=50cm · h=50cm · 50kg · 81L'),
  ('B6060', 'B_Series', 'B6060', 897, 'a=60cm · h=60cm · 70kg · 152L'),
  ('B6565', 'B_Series', 'B6565', 1352, 'a=65cm · h=65cm · 78kg · 198L'),
  ('B7070', 'B_Series', 'B7070', 1581, 'a=70cm · h=70cm · 85kg · 254L'),
  ('B8060', 'B_Series', 'B8060', 2037, 'a=80cm · h=60cm · 85kg · 282L'),
  ('BE4545', 'B_Series', 'BE4545', 843, 'a=45cm · h=45cm · 40kg · (2 pieces)'),
  ('BC40', 'BC_Series', 'BC40', 365, 'a=45cm · b=50cm · h=44cm · 35kg · 75L'),
  ('BC50', 'BC_Series', 'BC50', 851, 'a=55cm · b=60cm · h=53cm · 50kg · 141L'),
  ('BC100', 'BC_Series', 'BC100', 3109, 'a=87cm · b=95cm · h=83cm · 125kg · 315L'),
  ('BCH90', 'BCH_Series', 'BCH90', 1191, 'a=55cm · b=60cm · h=90cm · 75kg · 225L'),
  ('BL180', 'BL', 'BL180', 2316, 'Details on demand'),
  ('BR55', 'BR_Series', 'BR55', 279, 'a=45cm · c=25cm · h=55cm · 30kg · 36L'),
  ('BR80', 'BR_Series', 'BR80', 668, 'a=50cm · c=30cm · h=80cm · 50kg · 80L'),
  ('BR100', 'BR_Series', 'BR100', 897, 'a=50cm · c=30cm · h=100cm · 60kg · 102L'),
  ('BR120', 'BR_Series', 'BR120', 1238, 'a=50cm · c=30cm · h=120cm · 70kg · 124L'),
  ('BRF100', 'BRF_Series', 'BRF100', 1531, 'a=50cm · c=35cm · h=100cm · 100kg · 122L'),
  ('BRF120', 'BRF_Series', 'BRF120', 1798, 'a=50cm · c=35cm · h=120cm · 115kg · 150L'),
  ('BRL6040', 'BRL_Series', 'BRL6040', 540, 'a=60cm · c=30cm · h=40cm · 40kg · 42L'),
  ('BRL6060', 'BRL_Series', 'BRL6060', 814, 'a=60cm · c=30cm · h=60cm · 45kg · 69L'),
  ('BRL6080', 'BRL_Series', 'BRL6080', 1110, 'a=60cm · c=30cm · h=80cm · 55kg · 97L'),
  ('BRL8040', 'BRL_Series', 'BRL8040', 710, 'a=80cm · c=30cm · h=40cm · 50kg · 57L'),
  ('BRL8060', 'BRL_Series', 'BRL8060', 1020, 'a=80cm · c=30cm · h=60cm · 75kg · 94L'),
  ('BRL8080', 'BRL_Series', 'BRL8080', 1303, 'a=80cm · c=30cm · h=80cm · 85kg · 132L'),
  ('BRL10040', 'BRL_Series', 'BRL10040', 919, 'a=100cm · c=30cm · h=40cm · 65kg · 72L'),
  ('BRL10060', 'BRL_Series', 'BRL10060', 1184, 'a=100cm · c=30cm · h=60cm · 85kg · 109L'),
  ('BRL10080', 'BRL_Series', 'BRL10080', 1474, 'a=100cm · c=30cm · h=80cm · 105kg · 167L'),
  ('CC50', 'CC', 'CC50', 418, 'a=13cm · b=38cm · h=52cm · 10kg · 16.5L'),
  ('CCL50', 'CCL', 'CCL50', 548, 'a=23.5cm · b=40cm · c=27.5cm · d=47.5cm · h=54cm · 30kg'),
  ('CK60', 'CK_Series', 'CK60', 421, 'a=41cm · c=30cm · b=45cm · h=60cm · 30kg'),
  ('CKB60', 'CK_Series', 'CKB60', 506, 'a=41cm · c=30cm · b=45cm · h=60cm · 30kg'),
  ('CK80', 'CK_Series', 'CK80', 763, 'a=56cm · c=42cm · b=61cm · h=82cm · 60kg'),
  ('CKB80', 'CK_Series', 'CKB80', 910, 'a=56cm · c=42cm · b=61cm · h=82cm · 60kg'),
  ('CKL35', 'CKL', 'CKL35', 334, 'a=29cm · b=23cm · c=36cm · d=34cm · h=34cm · 15kg'),
  ('COP40', 'COP', 'COP40', 433, 'a=42cm · b=47cm · c=47cm · d=37cm · h=36cm · 30kg'),
  ('COP60', 'COP', 'COP60', 833, 'a=60cm · b=54cm · c=43cm · d=53cm · h=49.5cm · 61kg'),
  ('CS10', 'CS_Series', 'CS10', 333, 'Ø=44cm · h=10cm · 5kg'),
  ('CS15', 'CS_Series', 'CS15', 333, 'Ø=44cm · h=15cm · 5kg'),
  ('CSD15', 'CS_Series', 'CSD15', 495, 'Ø=44cm · h=15cm · 15kg'),
  ('CS25', 'CS_Series', 'CS25', 421, 'Ø=44cm · h=25cm · 15kg'),
  ('CS45', 'CS_Series', 'CS45', 651, 'Ø=45cm · h=45cm · 15kg'),
  ('CS55', 'CS_Series', 'CS55', 696, 'Ø=45cm · h=55cm · 20kg'),
  ('CS60', 'CS_Series', 'CS60', 606, 'Ø=28cm · h=60cm · 15kg'),
  ('CUBE-S75', 'CUBE_S', 'CUBE-S75', 1872, 'a=65cm · b=65cm · h=74cm · 100kg'),
  ('CUBE-S85', 'CUBE_S', 'CUBE-S85', 2093, 'a=65cm · b=65cm · h=84cm · 130kg'),
  ('CUBE-SR65', 'CUBE_S', 'CUBE-SR65', 2165, 'a=94cm · b=44cm · h=66cm · 100kg'),
  ('DCL50', 'DCL', 'DCL50', 474, 'a=65cm · b=30cm · h=50cm · 40kg'),
  ('DCL60', 'DCL', 'DCL60', 852, 'a=80cm · b=36cm · h=60cm · 65kg'),
  ('DCL80', 'DCL', 'DCL80', 1680, 'a=103cm · b=49cm · h=80cm · 125kg'),
  ('MF60', 'MF_Series', 'MF60', 769, 'a=41cm · b=29cm · h=56cm · 60kg'),
  ('MF100', 'MF_Series', 'MF100', 1643, 'a=58cm · b=38cm · h=98cm · 85kg'),
  ('MF140', 'MF_Series', 'MF140', 2213, 'a=71cm · b=46cm · h=137cm · 140kg'),
  ('MHR80', 'MHR', 'MHR80', 314, 'a=28cm · b=20cm · h=80cm · 20kg · 22L'),
  ('MHR100', 'MHR', 'MHR100', 417, 'a=36cm · b=28cm · h=100cm · 35kg · 56L'),
  ('MHR120', 'MHR', 'MHR120', 622, 'a=36cm · b=27cm · h=120cm · 40kg · 63.5L'),
  ('MK30', 'MK', 'MK30', 527, 'a=40cm · b=42cm · h=31.5cm · 24kg'),
  ('MK35', 'MK', 'MK35', 642, 'a=46cm · b=50cm · h=35cm · 35kg'),
  ('MK40', 'MK', 'MK40', 661, 'a=41cm · b=42cm · h=39.5cm · 30kg'),
  ('ML120', 'ML', 'ML120', 1414, 'a=39cm · b=39cm · h=120cm · 60kg'),
  ('ML125', 'ML', 'ML125', 1462, 'a=39cm · b=39cm · h=125cm · 70kg'),
  ('MLS130', 'MLS', 'MLS130', 1503, 'a=48cm · b=44cm · h=128cm · 95kg · 215L'),
  ('MR65', 'MR_Series', 'MR65', 310, 'a=49cm · b=34cm · h=65cm · 30kg · 61L'),
  ('MR80', 'MR_Series', 'MR80', 440, 'a=57cm · b=40cm · h=76cm · 45kg · 104L'),
  ('MR90', 'MR_Series', 'MR90', 1067, 'a=80cm · b=56cm · h=90cm · 100kg · 265L'),
  ('MR130', 'MR_Series', 'MR130', 3840, 'a=115cm · b=85cm · h=130cm · 250kg · 590L'),
  ('MRA45', 'MRA', 'MRA45', 421, 'a=48.5cm · b=38.5cm · h=42.5cm · 25kg'),
  ('MRA55', 'MRA', 'MRA55', 510, 'a=41cm · b=30cm · h=56cm · 40kg'),
  ('MRB30', 'MRB', 'MRB30', 318, 'a=37.5cm · b=28cm · h=27.5cm · 15kg'),
  ('MRB35', 'MRB', 'MRB35', 421, 'a=54.5cm · b=43.5cm · h=35cm · 30kg'),
  ('MRR65', 'MRR_Series', 'MRR65', 450, 'a=49cm · b=34cm · h=65cm · 30kg'),
  ('MRR80', 'MRR_Series', 'MRR80', 792, 'a=57cm · b=40cm · h=76cm · 50kg'),
  ('MRR90', 'MRR_Series', 'MRR90', 1273, 'a=80cm · b=56cm · h=90cm · 110kg'),
  ('MRR130', 'MRR_Series', 'MRR130', 4714, 'a=115cm · b=85cm · h=130cm · 250kg'),
  ('MU80', 'MU', 'MU80', 405, 'a=40cm · b=29cm · h=80cm · 40kg'),
  ('MU100', 'MU', 'MU100', 656, 'a=49cm · b=40cm · h=100cm · 70kg'),
  ('MU120', 'MU', 'MU120', 929, 'a=52cm · b=40cm · h=120cm · 85kg'),
  ('MUR80', 'MUR', 'MUR80', 459, 'a=44cm · b=32cm · h=80cm · 35kg'),
  ('MUR100', 'MUR', 'MUR100', 704, 'a=55cm · b=40cm · h=100cm · 65kg'),
  ('MUR120', 'MUR', 'MUR120', 1044, 'a=58cm · b=45cm · h=117cm · 75kg'),
  ('HK40', 'HK_Series', 'HK40', 148, 'a=66cm · b=30cm · c=21cm · h=29cm · 20kg · 24L'),
  ('HKL40', 'HK_Series', 'HKL40', 155, 'a=69cm · b=35cm · c=21cm · h=19cm · 15kg · 30L'),
  ('HK60', 'HK_Series', 'HK60', 525, 'a=90cm · b=27cm · c=39cm · h=57cm · 45kg · 125L'),
  ('HK75', 'HK_Series', 'HK75', 864, 'a=98cm · b=29cm · c=36cm · h=65cm · 70kg · 205L'),
  ('HK90', 'HK_Series', 'HK90', 1495, 'a=107cm · b=60cm · c=46cm · h=72cm · 95kg · 290L'),
  ('HK130', 'HK_Series', 'HK130', 3604, 'a=127cm · b=55cm · c=70cm · h=87cm · 150kg · 565L'),
  ('HKH80', 'HKH', 'HKH80', 609, 'a=60.5cm · b=47cm · c=38cm · d=27.5cm · h=81cm · 45kg'),
  ('HKH90', 'HKH', 'HKH90', 759, 'a=64.5cm · b=53cm · c=40cm · d=30cm · h=90cm · 60kg'),
  ('HM65', 'HM', 'HM65', 2065, 'a=65cm · b=52cm · c=97cm · h=48cm · 90kg'),
  ('HM90', 'HM', 'HM90', 2065, 'a=88cm · b=52cm · c=119cm · h=49cm · 110kg'),
  ('HV50', 'HV_Series', 'HV50', 121, 'a=48cm · b=20cm · h=28cm · 20kg'),
  ('HV60', 'HV_Series', 'HV60', 159, 'a=59cm · b=25cm · h=33cm · 25kg'),
  ('HV80', 'HV_Series', 'HV80', 450, 'a=78cm · b=37cm · h=53cm · 45kg'),
  ('HV130', 'HV_Series', 'HV130', 2109, 'a=130cm · b=80cm · h=65cm · 150kg'),
  ('HV140', 'HV_Series', 'HV140', 4158, 'a=140cm · b=90cm · h=100cm · 200kg'),
  ('HVF80', 'HVF', 'HVF80', 941, 'a=78cm · b=37cm · h=53cm · 65kg'),
  ('SB15', 'SB', 'SB15', 763, 'Ø=82cm · h=16cm · 30kg · 65L'),
  ('SB30', 'SB', 'SB30', 866, 'Ø=80cm · h=29cm · 55kg · 95L'),
  ('SB45', 'SB', 'SB45', 405, 'Ø=48cm · h=14.5cm · 16kg · 40L'),
  ('SJ30', 'SJ', 'SJ30', 776, 'Ø=80cm · h=31cm · 50kg'),
  ('SJ40', 'SJ', 'SJ40', 925, 'Ø=80cm · h=43cm · 65kg'),
  ('SO80', 'SO', 'SO80', 481, 'a=81cm · b=73cm · h=23cm · 25kg'),
  ('SR45', 'SR_Series', 'SR45', 211, 'a=40cm · b=45cm · h=9cm · 15kg'),
  ('SR60', 'SR_Series', 'SR60', 318, 'a=50cm · b=60cm · h=12cm · 20kg'),
  ('SR75', 'SR_Series', 'SR75', 421, 'a=62cm · b=75cm · h=15cm · 30kg'),
  ('SR95', 'SR_Series', 'SR95', 734, 'a=77cm · b=95cm · h=19cm · 50kg'),
  ('SR120', 'SR_Series', 'SR120', 1303, 'a=100cm · b=120cm · h=30cm · 125kg'),
  ('SR150', 'SR_Series', 'SR150', 3234, 'a=150cm · b=150cm · h=40cm · 200kg'),
  ('SRD60', 'SRD', 'SRD60', 719, 'a=50cm · b=60cm · h=12cm · 25kg'),
  ('SRD75', 'SRD', 'SRD75', 941, 'a=62cm · b=75cm · h=15cm · 40kg'),
  ('SRD95', 'SRD', 'SRD95', 1473, 'a=77cm · b=95cm · h=19cm · 75kg'),
  ('SRS65', 'SRS_Series', 'SRS65', 421, 'Ø=65cm · h=17cm · 25kg'),
  ('SRS75', 'SRS_Series', 'SRS75', 570, 'Ø=75cm · h=22cm · 30kg'),
  ('SRS95', 'SRS_Series', 'SRS95', 910, 'Ø=95cm · h=30cm · 50kg'),
  ('SRS130', 'SRS_Series', 'SRS130', 1561, 'Ø=130cm · h=50cm · 150kg'),
  ('RR80', 'RR_Series', 'RR80', 576, 'a=75cm · b=46cm · h=64cm · 50kg'),
  ('RR100', 'RR_Series', 'RR100', 1303, 'a=98cm · b=58cm · h=82cm · 80kg'),
  ('RR120', 'RR_Series', 'RR120', 1842, 'a=115cm · b=64cm · h=95cm · 125kg'),
  ('RR150', 'RR_Series', 'RR150', 6689, 'a=150cm · b=90cm · h=130cm · 250kg — Sharp rim'),
  ('RRL55', 'RR_Series', 'RRL55', 196, 'a=57cm · b=42cm · h=26cm · 15kg — Sharp rim'),
  ('RRH65', 'RRH_Series', 'RRH65', 376, 'a=54cm · b=31cm · h=65cm · 35kg'),
  ('RRH80', 'RRH_Series', 'RRH80', 606, 'a=64cm · b=38cm · h=78cm · 50kg'),
  ('RRH100', 'RRH_Series', 'RRH100', 1214, 'a=83cm · b=48cm · h=100cm · 85kg'),
  ('RRH120', 'RRH_Series', 'RRH120', 1851, 'a=100cm · b=60cm · h=120cm · 125kg'),
  ('GR25', 'GR_Series', 'GR25', 218, 'a=19.5cm · b=23cm · h=34cm · 15kg'),
  ('GR40', 'GR_Series', 'GR40', 243, 'a=28.5cm · b=38cm · h=36cm · 25kg'),
  ('GR60', 'GR_Series', 'GR60', 1162, 'a=51cm · b=68cm · h=60cm · 65kg'),
  ('GR70', 'GR_Series', 'GR70', 1089, 'a=38cm · b=50cm · h=68cm · 55kg'),
  ('GRS40', 'GR_Series', 'GRS40', 243, 'a=23.5cm · b=40cm · h=33cm · 20kg'),
  ('GRS50', 'GR_Series', 'GRS50', 910, 'a=48cm · b=55cm · h=42cm · 35kg'),
  ('GZL135', 'GZL', 'GZL135', 2160, 'a=35cm · b=30cm · c=80cm · h=135cm · 200kg'),
  ('GZL160', 'GZL', 'GZL160', 2592, 'a=38cm · b=35cm · c=80cm · h=157cm · 250kg'),
  ('GZL220', 'GZL', 'GZL220', 3988, 'a=39cm · b=42cm · c=80cm · h=220cm · 300kg'),
  ('GZLB135', 'GZL', 'GZLB135', 3046, 'a=51cm · b=50cm · c=100cm · h=135cm · 250kg'),
  ('SP40', 'SP_Series', 'SP40', 333, 'a=35.5cm · b=30cm · c=55.5cm · h=39.5cm · 40kg'),
  ('SP45', 'SP_Series', 'SP45', 376, 'a=27.5cm · b=17cm · c=40cm · h=43cm · 20kg'),
  ('SP50', 'SP_Series', 'SP50', 421, 'a=31.5cm · b=30cm · c=54.5cm · h=45.5cm · 45kg'),
  ('SP80', 'SP_Series', 'SP80', 2199, 'a=78cm · b=66cm · c=125cm · h=79cm · 65kg'),
  ('SP100', 'SP_Series', 'SP100', 1976, 'a=99cm · b=66cm · c=122cm · h=48cm · 75kg'),
  ('DM80', 'DMB', 'DM80', 844, 'a=69cm · b=47cm · c=80cm · h=77cm · 70kg · 235L'),
  ('DMB80', 'DMB', 'DMB80', 1325, 'a=69cm · b=47cm · c=80cm · h=77cm · 90kg · 235L'),
  ('DT40', 'DT_Series', 'DT40', 734, 'a=49cm · b=64cm · c=62cm · h=37cm · 45kg'),
  ('DT50', 'DT_Series', 'DT50', 833, 'a=47cm · b=69cm · c=60cm · h=45cm · 60kg'),
  ('DT100', 'DT_Series', 'DT100', 1945, 'a=70cm · b=93cm · c=90cm · h=71cm · 100kg'),
  ('EM60', 'EM_Series', 'EM60', 310, 'a=60cm · b=43cm · c=23cm · d=39cm · h=39cm · 30kg · 44L'),
  ('EM70', 'EM_Series', 'EM70', 505, 'a=70cm · b=45cm · c=17cm · d=50cm · h=39cm · 40kg · 57L'),
  ('EM80', 'EM_Series', 'EM80', 792, 'a=80cm · b=57cm · c=33cm · d=53cm · h=45cm · 60kg · 118L'),
  ('EM90', 'EM_Series', 'EM90', 1086, 'a=90cm · b=69cm · c=37.5cm · d=61cm · h=49cm · 75kg · 150L'),
  ('EM100', 'EM_Series', 'EM100', 1324, 'a=100cm · b=67cm · c=24cm · d=74cm · h=56cm · 90kg · 170L'),
  ('EMBRACE BENCH', 'Embrace_Bench', 'EMBRACE BENCH', 5131, 'Clay 208×196×77cm · Wood 153×30cm · Iroko wood top'),
  ('KH1', 'KH_Seating', 'KH1', 1235, 'a=55cm · b=65cm · c=34cm · d=25cm · h=37.5cm · 75kg'),
  ('KH2', 'KH_Seating', 'KH2', 1331, 'a=56.5cm · b=70cm · c=34cm · d=25cm · h=39cm · 75kg'),
  ('KH3-60', 'KH_Seating', 'KH3-60', 847, 'a=59cm · b=58cm · h=42cm · 60kg'),
  ('KH3-80', 'KH_Seating', 'KH3-80', 1279, 'a=80cm · b=49cm · h=42cm · 75kg'),
  ('KH3-120', 'KH_Seating', 'KH3-120', 1801, 'a=118cm · b=48cm · h=42cm · 90kg'),
  ('KHL1', 'KH_Seating', 'KHL1', 1331, 'a=54cm · b=66cm · c=34cm · d=25cm · h1=35.5cm · h2=37.5cm · 50kg'),
  ('KHL2', 'KH_Seating', 'KHL2', 1414, 'a=59cm · b=73cm · c=34cm · d=25cm · h1=36cm · h2=38cm · 50kg'),
  ('KH Leather', 'KH_Seating', 'KH Leather', 2199, 'a=55–59cm · b=65–73cm · h=37.5–38cm · 50kg'),
  ('MLH BENCH 140', 'MLH', 'MLH BENCH 140', 3929, 'a=140cm · b=50cm · h=45cm · 250kg'),
  ('MLH BENCH 200', 'MLH', 'MLH BENCH 200', 5010, 'a=197cm · b=49cm · h=62cm · 350kg'),
  ('MLH200', 'MLH', 'MLH200', 6076, 'a=56cm · b=60cm · h=193cm · 800kg'),
  ('DC25', 'DC_Series', 'DC25', 143, 'a=23.5cm · b=9.5cm · h=32cm · 6kg'),
  ('DC30', 'DC_Series', 'DC30', 166, 'a=28cm · b=13cm · h=32cm · 8kg'),
  ('DC50', 'DC_Series', 'DC50', 196, 'a=33cm · b=19cm · h=52cm · 20kg'),
  ('DC70', 'DC_Series', 'DC70', 385, 'a=51cm · b=24cm · h=70cm · 35kg'),
  ('DC100', 'DC_Series', 'DC100', 1258, 'a=66cm · b=35cm · h=91cm · 80kg'),
  ('FGS60', 'FGS___FGR', 'FGS60', 539, 'Ø=30cm · h=58cm · 15kg'),
  ('FGS70', 'FGS___FGR', 'FGS70', 613, 'Ø=35cm · h=68cm · 25kg'),
  ('FGR55', 'FGS___FGR', 'FGR55', 510, 'Ø=23.5cm · h=55cm · 15kg'),
  ('FGR65', 'FGS___FGR', 'FGR65', 584, 'Ø=27cm · h=65cm · 25kg'),
  ('FGS SEAT', 'FGS___FGR', 'FGS SEAT', 1015, 'Ø=40cm · h=61cm · 55kg'),
  ('IP90', 'IP', 'IP90', 3296, 'a=43cm · b=92cm · c=4cm · h=74cm · 210kg'),
  ('LC25', 'LC', 'LC25', 495, 'a=25cm · b=50cm · h=75cm · 30kg'),
  ('LC50', 'LC', 'LC50', 606, 'a=50cm · b=50cm · h=75cm · 40kg'),
  ('LK70', 'LK', 'LK70', 598, 'a=70cm · b=36cm · h=40cm · 50kg'),
  ('LK90', 'LK', 'LK90', 1104, 'a=90cm · b=47cm · h=50cm · 80kg'),
  ('LK100', 'LK', 'LK100', 1584, 'a=97cm · b=52cm · h=56cm · 110kg'),
  ('LK107', 'LK', 'LK107', 1953, 'a=107cm · b=58cm · h=61cm · 120kg'),
  ('LMP70', 'LMP', 'LMP70', 1861, 'a=24cm · b=24cm · c=70cm · h=72cm · 125kg'),
  ('LMP85', 'LMP', 'LMP85', 2603, 'a=35cm · b=35cm · c=87cm · h=85cm · 160kg'),
  ('LPS80', 'LPS', 'LPS80', 542, 'a=34cm · b=30cm · c=80cm · h=32cm · 30kg'),
  ('LPS100', 'LPS', 'LPS100', 1200, 'a=56cm · b=47cm · c=98cm · h=57cm · 95kg'),
  ('LR70', 'LR', 'LR70', 584, 'a=37cm · b=34cm · c=74cm · h=33.5cm · 50kg'),
  ('LR120', 'LR', 'LR120', 1754, 'a=60cm · b=60cm · c=120cm · h=52cm · 110kg'),
  ('LRC70', 'LRC', 'LRC70', 584, 'a=32cm · b=40cm · c=72cm · h=38cm · 60kg'),
  ('LRC120', 'LRC', 'LRC120', 1991, 'a=52cm · b=70cm · c=120cm · h=57cm · 115kg'),
  ('ADAMAS50', 'ADAMAS', 'ADAMAS50', 1501, 'a=69cm · b=78cm · h=54cm · 60kg'),
  ('ADAMAS60', 'ADAMAS', 'ADAMAS60', 2196, 'a=82cm · b=87.5cm · h=64cm · 70kg'),
  ('ADAMAS70', 'ADAMAS', 'ADAMAS70', 2494, 'a=94cm · b=97.5cm · h=73cm · 80kg'),
  ('ANTHOS50', 'ANTHOS', 'ANTHOS50', 2578, 'a=81cm · b=102.5cm · h=53.5cm · 110kg'),
  ('ANTHOS85', 'ANTHOS', 'ANTHOS85', 1568, 'a=34cm · b=45cm · h=85cm · 85kg'),
  ('ANTHOS100', 'ANTHOS', 'ANTHOS100', 2034, 'a=41cm · b=57.5cm · h=104cm · 90kg'),
  ('ANTHOS180', 'ANTHOS', 'ANTHOS180', 4309, 'a=47cm · b=75cm · h=179cm · 200kg'),
  ('CB50', 'CB', 'CB50', 375, 'a=53cm · h=41cm · 35kg'),
  ('CB70', 'CB', 'CB70', 946, 'a=72cm · h=56cm · 75kg'),
  ('CB100', 'CB', 'CB100', 2327, 'a=100cm · h=70cm · 150kg'),
  ('CBH80', 'CBH_Series', 'CBH80', 633, 'a=32cm · h=80cm · 40kg'),
  ('CBH100', 'CBH_Series', 'CBH100', 847, 'a=38cm · h=100cm · 65kg'),
  ('CBH52100', 'CBH_Series', 'CBH52100', 990, 'a=52cm · h=100cm · 65kg'),
  ('CBH180', 'CBH_Series', 'CBH180', 4020, 'a=55cm · h=180cm · 150kg'),
  ('CLE30', 'CLE', 'CLE30', 349, 'a=28.5cm · b=40cm · c=5cm · h=28cm · 20kg'),
  ('CLE50', 'CLE', 'CLE50', 1015, 'a=49cm · b=58cm · c=5cm · h=34cm · 65kg'),
  ('CLE60', 'CLE', 'CLE60', 1162, 'a=60cm · b=65cm · c=6cm · h=51.5cm · 90kg'),
  ('PB60', 'PB', 'PB60', 318, 'Ø=60cm · h=10cm · 20kg — Indoor use only'),
  ('PL60', 'PL___PLU', 'PL60', 296, 'Ø=60cm · h=10.5cm · 25kg'),
  ('PL80', 'PL___PLU', 'PL80', 481, 'Ø=80cm · h=14cm · 35kg'),
  ('PLU60', 'PL___PLU', 'PLU60', 296, 'Ø=60cm · h=10.5cm · 25kg'),
  ('PLU80', 'PL___PLU', 'PLU80', 481, 'Ø=80cm · h=14cm · 35kg'),
  ('PT60', 'PT', 'PT60', 774, 'a=59cm · b=62cm · c=35cm · d=57cm · h=19.5cm · 38kg'),
  ('PT70', 'PT', 'PT70', 875, 'a=70cm · b=72cm · c=45cm · d=67cm · h=19cm · 52kg'),
  ('RB5060', 'RB___RBC', 'RB5060', 630, 'Ø=50cm · h=60cm · 60kg — Open vase'),
  ('RBC5060', 'RB___RBC', 'RBC5060', 925, 'Ø=50cm · h=60cm · 75kg — Closed pedestal'),
  ('SY70', 'SY___SYD', 'SY70', 407, 'a=40cm · b=22cm · h=72cm · 40kg'),
  ('SY90', 'SY___SYD', 'SY90', 539, 'a=45cm · b=26cm · h=83cm · 45kg'),
  ('SYD90', 'SY___SYD', 'SYD90', 910, 'a=45cm · b=26cm · h=83cm · 60kg'),
  ('TA30', 'TA', 'TA30', 274, 'a=24.5cm · b=41cm · h=32.5cm · 15kg'),
  ('TA50', 'TA', 'TA50', 348, 'a=29cm · b=49cm · h=45.5cm · 25kg'),
  ('TAALO90', 'TAALO', 'TAALO90', 2077, 'a=91cm · b=45cm · h=60cm · 100kg'),
  ('TAALO100', 'TAALO', 'TAALO100', 2603, 'a=106cm · b=51cm · h=70cm · 150kg'),
  ('TAH45', 'TAH', 'TAH45', 376, 'a=20×16.5cm · b=26.5×20.5cm · h=45cm · 15kg'),
  ('TAH50', 'TAH', 'TAH50', 407, 'a=24.5×20cm · b=33.5×26cm · h=50cm · 20kg'),
  ('TAH70', 'TAH', 'TAH70', 645, 'a=28×22cm · b=36×30cm · h=73cm · 35kg'),
  ('TAH80', 'TAH', 'TAH80', 719, 'a=34×28cm · b=46×40cm · h=80cm · 45kg'),
  ('TAJ50', 'TAJ', 'TAJ50', 869, 'a=51cm · c=78cm · h=46cm · 65kg'),
  ('TAJ100', 'TAJ', 'TAJ100', 1168, 'a=78cm · c=100cm · h=19cm · 60kg'),
  ('TAJ150', 'TAJ', 'TAJ150', 2747, 'a=39cm · c=80cm · h=156cm · 165kg'),
  ('TW30', 'TW', 'TW30', 436, 'a=56cm · b=45cm · h=33cm · 50kg'),
  ('TW35', 'TW', 'TW35', 481, 'a=47cm · b=49cm · h=34cm · 45kg'),
  ('TW40', 'TW', 'TW40', 525, 'a=54cm · b=53cm · h=41cm · 65kg'),
  ('ZB50', 'ZB', 'ZB50', 1007, 'Ø=50cm · h=50cm — details on request'),
  ('ZB60', 'ZB', 'ZB60', 1007, 'Ø=60cm · h=60cm — details on request'),
  ('ZS4555', 'ZS', 'ZS4555', 1060, 'a=45cm · b=55cm — details on request'),
  ('ZS4070', 'ZS', 'ZS4070', 1141, 'a=40cm · b=70cm — details on request'),
  ('ZSL90', 'ZSL', 'ZSL90', 1674, 'h=90cm — details on request');

-- Product finishes
INSERT INTO "ProductFinish" ("productId","finishId","tier") VALUES
  ('ARON', 'fin-natural-clay', 'BASIC'),
  ('ARON', 'fin-white', 'BASIC'),
  ('ARON', 'fin-ivory', 'BASIC'),
  ('ARON', 'fin-terracotta-red', 'BASIC'),
  ('ARON', 'fin-bordeaux-red', 'BASIC'),
  ('ARON', 'fin-deep-blue', 'BASIC'),
  ('ARON', 'fin-anthracite', 'BASIC'),
  ('ARON', 'fin-cork', 'BASIC'),
  ('IRIS', 'fin-natural-clay', 'BASIC'),
  ('IRIS', 'fin-white', 'BASIC'),
  ('IRIS', 'fin-ivory', 'BASIC'),
  ('IRIS', 'fin-terracotta-red', 'BASIC'),
  ('IRIS', 'fin-bordeaux-red', 'BASIC'),
  ('IRIS', 'fin-deep-blue', 'BASIC'),
  ('IRIS', 'fin-anthracite', 'BASIC'),
  ('IRIS', 'fin-cork', 'BASIC'),
  ('KALIS', 'fin-natural-clay', 'BASIC'),
  ('KALIS', 'fin-white', 'BASIC'),
  ('KALIS', 'fin-ivory', 'BASIC'),
  ('KALIS', 'fin-terracotta-red', 'BASIC'),
  ('KALIS', 'fin-bordeaux-red', 'BASIC'),
  ('KALIS', 'fin-deep-blue', 'BASIC'),
  ('KALIS', 'fin-anthracite', 'BASIC'),
  ('KALIS', 'fin-cork', 'BASIC'),
  ('KORIL', 'fin-natural-clay', 'BASIC'),
  ('KORIL', 'fin-white', 'BASIC'),
  ('KORIL', 'fin-ivory', 'BASIC'),
  ('KORIL', 'fin-terracotta-red', 'BASIC'),
  ('KORIL', 'fin-bordeaux-red', 'BASIC'),
  ('KORIL', 'fin-deep-blue', 'BASIC'),
  ('KORIL', 'fin-anthracite', 'BASIC'),
  ('KORIL', 'fin-cork', 'BASIC'),
  ('LEDA', 'fin-natural-clay', 'BASIC'),
  ('LEDA', 'fin-white', 'BASIC'),
  ('LEDA', 'fin-ivory', 'BASIC'),
  ('LEDA', 'fin-terracotta-red', 'BASIC'),
  ('LEDA', 'fin-bordeaux-red', 'BASIC'),
  ('LEDA', 'fin-deep-blue', 'BASIC'),
  ('LEDA', 'fin-anthracite', 'BASIC'),
  ('LEDA', 'fin-cork', 'BASIC'),
  ('SEMINA', 'fin-natural-clay', 'BASIC'),
  ('SEMINA', 'fin-white', 'BASIC'),
  ('SEMINA', 'fin-ivory', 'BASIC'),
  ('SEMINA', 'fin-terracotta-red', 'BASIC'),
  ('SEMINA', 'fin-bordeaux-red', 'BASIC'),
  ('SEMINA', 'fin-deep-blue', 'BASIC'),
  ('SEMINA', 'fin-anthracite', 'BASIC'),
  ('SEMINA', 'fin-cork', 'BASIC'),
  ('MIRA', 'fin-natural-clay', 'BASIC'),
  ('MIRA', 'fin-white', 'BASIC'),
  ('MIRA', 'fin-ivory', 'BASIC'),
  ('MIRA', 'fin-terracotta-red', 'BASIC'),
  ('MIRA', 'fin-bordeaux-red', 'BASIC'),
  ('MIRA', 'fin-deep-blue', 'BASIC'),
  ('MIRA', 'fin-anthracite', 'BASIC'),
  ('MIRA', 'fin-cork', 'BASIC'),
  ('TORSA', 'fin-natural-clay', 'BASIC'),
  ('TORSA', 'fin-white', 'BASIC'),
  ('TORSA', 'fin-ivory', 'BASIC'),
  ('TORSA', 'fin-terracotta-red', 'BASIC'),
  ('TORSA', 'fin-bordeaux-red', 'BASIC'),
  ('TORSA', 'fin-deep-blue', 'BASIC'),
  ('TORSA', 'fin-anthracite', 'BASIC'),
  ('TORSA', 'fin-cork', 'BASIC'),
  ('A_Series', 'fin-natural-clay', 'BASIC'),
  ('A_Series', 'fin-white', 'BASIC'),
  ('A_Series', 'fin-ivory', 'BASIC'),
  ('A_Series', 'fin-terracotta-red', 'BASIC'),
  ('A_Series', 'fin-bordeaux-red', 'BASIC'),
  ('A_Series', 'fin-deep-blue', 'BASIC'),
  ('A_Series', 'fin-anthracite', 'BASIC'),
  ('A_Series', 'fin-cork', 'BASIC'),
  ('AH_Series', 'fin-natural-clay', 'BASIC'),
  ('AH_Series', 'fin-white', 'BASIC'),
  ('AH_Series', 'fin-ivory', 'BASIC'),
  ('AH_Series', 'fin-terracotta-red', 'BASIC'),
  ('AH_Series', 'fin-bordeaux-red', 'BASIC'),
  ('AH_Series', 'fin-deep-blue', 'BASIC'),
  ('AH_Series', 'fin-anthracite', 'BASIC'),
  ('AH_Series', 'fin-cork', 'BASIC'),
  ('AK_Series', 'fin-natural-clay', 'BASIC'),
  ('AK_Series', 'fin-white', 'BASIC'),
  ('AK_Series', 'fin-ivory', 'BASIC'),
  ('AK_Series', 'fin-terracotta-red', 'BASIC'),
  ('AK_Series', 'fin-bordeaux-red', 'BASIC'),
  ('AK_Series', 'fin-deep-blue', 'BASIC'),
  ('AK_Series', 'fin-anthracite', 'BASIC'),
  ('AK_Series', 'fin-cork', 'BASIC'),
  ('AMP', 'fin-natural-clay', 'BASIC'),
  ('AMP', 'fin-white', 'BASIC'),
  ('AMP', 'fin-ivory', 'BASIC'),
  ('AMP', 'fin-terracotta-red', 'BASIC'),
  ('AMP', 'fin-bordeaux-red', 'BASIC'),
  ('AMP', 'fin-deep-blue', 'BASIC'),
  ('AMP', 'fin-anthracite', 'BASIC'),
  ('AMP', 'fin-cork', 'BASIC'),
  ('AS_Series', 'fin-natural-clay', 'BASIC'),
  ('AS_Series', 'fin-white', 'BASIC'),
  ('AS_Series', 'fin-ivory', 'BASIC'),
  ('AS_Series', 'fin-terracotta-red', 'BASIC'),
  ('AS_Series', 'fin-bordeaux-red', 'BASIC'),
  ('AS_Series', 'fin-deep-blue', 'BASIC'),
  ('AS_Series', 'fin-anthracite', 'BASIC'),
  ('AS_Series', 'fin-cork', 'BASIC'),
  ('AU_Series', 'fin-natural-clay', 'BASIC'),
  ('AU_Series', 'fin-white', 'BASIC'),
  ('AU_Series', 'fin-ivory', 'BASIC'),
  ('AU_Series', 'fin-terracotta-red', 'BASIC'),
  ('AU_Series', 'fin-bordeaux-red', 'BASIC'),
  ('AU_Series', 'fin-deep-blue', 'BASIC'),
  ('AU_Series', 'fin-anthracite', 'BASIC'),
  ('AU_Series', 'fin-cork', 'BASIC'),
  ('U_Series', 'fin-natural-clay', 'STD'),
  ('U_Series', 'fin-white', 'STD'),
  ('U_Series', 'fin-ivory', 'STD'),
  ('U_Series', 'fin-terracotta-red', 'STD'),
  ('U_Series', 'fin-bordeaux-red', 'STD'),
  ('U_Series', 'fin-deep-blue', 'STD'),
  ('U_Series', 'fin-anthracite', 'STD'),
  ('U_Series', 'fin-cork', 'STD'),
  ('U_Series', 'fin-nordic-white', 'STD'),
  ('U_Series', 'fin-taupe-grey', 'STD'),
  ('UB', 'fin-natural-clay', 'STD'),
  ('UB', 'fin-white', 'STD'),
  ('UB', 'fin-ivory', 'STD'),
  ('UB', 'fin-terracotta-red', 'STD'),
  ('UB', 'fin-bordeaux-red', 'STD'),
  ('UB', 'fin-deep-blue', 'STD'),
  ('UB', 'fin-anthracite', 'STD'),
  ('UB', 'fin-cork', 'STD'),
  ('UB', 'fin-nordic-white', 'STD'),
  ('UB', 'fin-taupe-grey', 'STD'),
  ('UC', 'fin-natural-clay', 'STD'),
  ('UC', 'fin-white', 'STD'),
  ('UC', 'fin-ivory', 'STD'),
  ('UC', 'fin-terracotta-red', 'STD'),
  ('UC', 'fin-bordeaux-red', 'STD'),
  ('UC', 'fin-deep-blue', 'STD'),
  ('UC', 'fin-anthracite', 'STD'),
  ('UC', 'fin-cork', 'STD'),
  ('UC', 'fin-nordic-white', 'STD'),
  ('UC', 'fin-taupe-grey', 'STD'),
  ('UE_Series', 'fin-natural-clay', 'STD'),
  ('UE_Series', 'fin-white', 'STD'),
  ('UE_Series', 'fin-ivory', 'STD'),
  ('UE_Series', 'fin-terracotta-red', 'STD'),
  ('UE_Series', 'fin-bordeaux-red', 'STD'),
  ('UE_Series', 'fin-deep-blue', 'STD'),
  ('UE_Series', 'fin-anthracite', 'STD'),
  ('UE_Series', 'fin-cork', 'STD'),
  ('UE_Series', 'fin-nordic-white', 'STD'),
  ('UE_Series', 'fin-taupe-grey', 'STD'),
  ('UF_Series', 'fin-natural-clay', 'STD'),
  ('UF_Series', 'fin-white', 'STD'),
  ('UF_Series', 'fin-ivory', 'STD'),
  ('UF_Series', 'fin-terracotta-red', 'STD'),
  ('UF_Series', 'fin-bordeaux-red', 'STD'),
  ('UF_Series', 'fin-deep-blue', 'STD'),
  ('UF_Series', 'fin-anthracite', 'STD'),
  ('UF_Series', 'fin-cork', 'STD'),
  ('UF_Series', 'fin-nordic-white', 'STD'),
  ('UF_Series', 'fin-taupe-grey', 'STD'),
  ('UFS', 'fin-natural-clay', 'STD'),
  ('UFS', 'fin-white', 'STD'),
  ('UFS', 'fin-ivory', 'STD'),
  ('UFS', 'fin-terracotta-red', 'STD'),
  ('UFS', 'fin-bordeaux-red', 'STD'),
  ('UFS', 'fin-deep-blue', 'STD'),
  ('UFS', 'fin-anthracite', 'STD'),
  ('UFS', 'fin-cork', 'STD'),
  ('UFS', 'fin-nordic-white', 'STD'),
  ('UFS', 'fin-taupe-grey', 'STD'),
  ('UG', 'fin-natural-clay', 'STD'),
  ('UG', 'fin-white', 'STD'),
  ('UG', 'fin-ivory', 'STD'),
  ('UG', 'fin-terracotta-red', 'STD'),
  ('UG', 'fin-bordeaux-red', 'STD'),
  ('UG', 'fin-deep-blue', 'STD'),
  ('UG', 'fin-anthracite', 'STD'),
  ('UG', 'fin-cork', 'STD'),
  ('UG', 'fin-nordic-white', 'STD'),
  ('UG', 'fin-taupe-grey', 'STD'),
  ('UH', 'fin-natural-clay', 'STD'),
  ('UH', 'fin-white', 'STD'),
  ('UH', 'fin-ivory', 'STD'),
  ('UH', 'fin-terracotta-red', 'STD'),
  ('UH', 'fin-bordeaux-red', 'STD'),
  ('UH', 'fin-deep-blue', 'STD'),
  ('UH', 'fin-anthracite', 'STD'),
  ('UH', 'fin-cork', 'STD'),
  ('UH', 'fin-nordic-white', 'STD'),
  ('UH', 'fin-taupe-grey', 'STD'),
  ('UM_Series', 'fin-natural-clay', 'STD'),
  ('UM_Series', 'fin-white', 'STD'),
  ('UM_Series', 'fin-ivory', 'STD'),
  ('UM_Series', 'fin-terracotta-red', 'STD'),
  ('UM_Series', 'fin-bordeaux-red', 'STD'),
  ('UM_Series', 'fin-deep-blue', 'STD'),
  ('UM_Series', 'fin-anthracite', 'STD'),
  ('UM_Series', 'fin-cork', 'STD'),
  ('UM_Series', 'fin-nordic-white', 'STD'),
  ('UM_Series', 'fin-taupe-grey', 'STD'),
  ('UO', 'fin-natural-clay', 'STD'),
  ('UO', 'fin-white', 'STD'),
  ('UO', 'fin-ivory', 'STD'),
  ('UO', 'fin-terracotta-red', 'STD'),
  ('UO', 'fin-bordeaux-red', 'STD'),
  ('UO', 'fin-deep-blue', 'STD'),
  ('UO', 'fin-anthracite', 'STD'),
  ('UO', 'fin-cork', 'STD'),
  ('UO', 'fin-nordic-white', 'STD'),
  ('UO', 'fin-taupe-grey', 'STD'),
  ('UP', 'fin-natural-clay', 'STD'),
  ('UP', 'fin-white', 'STD'),
  ('UP', 'fin-ivory', 'STD'),
  ('UP', 'fin-terracotta-red', 'STD'),
  ('UP', 'fin-bordeaux-red', 'STD'),
  ('UP', 'fin-deep-blue', 'STD'),
  ('UP', 'fin-anthracite', 'STD'),
  ('UP', 'fin-cork', 'STD'),
  ('UP', 'fin-nordic-white', 'STD'),
  ('UP', 'fin-taupe-grey', 'STD'),
  ('UQ', 'fin-natural-clay', 'STD'),
  ('UQ', 'fin-white', 'STD'),
  ('UQ', 'fin-ivory', 'STD'),
  ('UQ', 'fin-terracotta-red', 'STD'),
  ('UQ', 'fin-bordeaux-red', 'STD'),
  ('UQ', 'fin-deep-blue', 'STD'),
  ('UQ', 'fin-anthracite', 'STD'),
  ('UQ', 'fin-cork', 'STD'),
  ('UQ', 'fin-nordic-white', 'STD'),
  ('UQ', 'fin-taupe-grey', 'STD'),
  ('UR_Series', 'fin-natural-clay', 'STD'),
  ('UR_Series', 'fin-white', 'STD'),
  ('UR_Series', 'fin-ivory', 'STD'),
  ('UR_Series', 'fin-terracotta-red', 'STD'),
  ('UR_Series', 'fin-bordeaux-red', 'STD'),
  ('UR_Series', 'fin-deep-blue', 'STD'),
  ('UR_Series', 'fin-anthracite', 'STD'),
  ('UR_Series', 'fin-cork', 'STD'),
  ('UR_Series', 'fin-nordic-white', 'STD'),
  ('UR_Series', 'fin-taupe-grey', 'STD'),
  ('US_Series', 'fin-natural-clay', 'STD'),
  ('US_Series', 'fin-white', 'STD'),
  ('US_Series', 'fin-ivory', 'STD'),
  ('US_Series', 'fin-terracotta-red', 'STD'),
  ('US_Series', 'fin-bordeaux-red', 'STD'),
  ('US_Series', 'fin-deep-blue', 'STD'),
  ('US_Series', 'fin-anthracite', 'STD'),
  ('US_Series', 'fin-cork', 'STD'),
  ('US_Series', 'fin-nordic-white', 'STD'),
  ('US_Series', 'fin-taupe-grey', 'STD'),
  ('UT_Series', 'fin-natural-clay', 'STD'),
  ('UT_Series', 'fin-white', 'STD'),
  ('UT_Series', 'fin-ivory', 'STD'),
  ('UT_Series', 'fin-terracotta-red', 'STD'),
  ('UT_Series', 'fin-bordeaux-red', 'STD'),
  ('UT_Series', 'fin-deep-blue', 'STD'),
  ('UT_Series', 'fin-anthracite', 'STD'),
  ('UT_Series', 'fin-cork', 'STD'),
  ('UT_Series', 'fin-nordic-white', 'STD'),
  ('UT_Series', 'fin-taupe-grey', 'STD'),
  ('UZ_Series', 'fin-natural-clay', 'STD'),
  ('UZ_Series', 'fin-white', 'STD'),
  ('UZ_Series', 'fin-ivory', 'STD'),
  ('UZ_Series', 'fin-terracotta-red', 'STD'),
  ('UZ_Series', 'fin-bordeaux-red', 'STD'),
  ('UZ_Series', 'fin-deep-blue', 'STD'),
  ('UZ_Series', 'fin-anthracite', 'STD'),
  ('UZ_Series', 'fin-cork', 'STD'),
  ('UZ_Series', 'fin-nordic-white', 'STD'),
  ('UZ_Series', 'fin-taupe-grey', 'STD'),
  ('K_Series', 'fin-natural-clay', 'BASIC'),
  ('K_Series', 'fin-white', 'BASIC'),
  ('K_Series', 'fin-ivory', 'BASIC'),
  ('K_Series', 'fin-terracotta-red', 'BASIC'),
  ('K_Series', 'fin-bordeaux-red', 'BASIC'),
  ('K_Series', 'fin-deep-blue', 'BASIC'),
  ('K_Series', 'fin-anthracite', 'BASIC'),
  ('K_Series', 'fin-cork', 'BASIC'),
  ('KKA', 'fin-natural-clay', 'BASIC'),
  ('KKA', 'fin-white', 'BASIC'),
  ('KKA', 'fin-ivory', 'BASIC'),
  ('KKA', 'fin-terracotta-red', 'BASIC'),
  ('KKA', 'fin-bordeaux-red', 'BASIC'),
  ('KKA', 'fin-deep-blue', 'BASIC'),
  ('KKA', 'fin-anthracite', 'BASIC'),
  ('KKA', 'fin-cork', 'BASIC'),
  ('KOB___KOS', 'fin-natural-clay', 'BASIC'),
  ('KOB___KOS', 'fin-white', 'BASIC'),
  ('KOB___KOS', 'fin-ivory', 'BASIC'),
  ('KOB___KOS', 'fin-terracotta-red', 'BASIC'),
  ('KOB___KOS', 'fin-bordeaux-red', 'BASIC'),
  ('KOB___KOS', 'fin-deep-blue', 'BASIC'),
  ('KOB___KOS', 'fin-anthracite', 'BASIC'),
  ('KOB___KOS', 'fin-cork', 'BASIC'),
  ('KRK', 'fin-natural-clay', 'BASIC'),
  ('KRK', 'fin-white', 'BASIC'),
  ('KRK', 'fin-ivory', 'BASIC'),
  ('KRK', 'fin-terracotta-red', 'BASIC'),
  ('KRK', 'fin-bordeaux-red', 'BASIC'),
  ('KRK', 'fin-deep-blue', 'BASIC'),
  ('KRK', 'fin-anthracite', 'BASIC'),
  ('KRK', 'fin-cork', 'BASIC'),
  ('KTL', 'fin-natural-clay', 'BASIC'),
  ('KTL', 'fin-white', 'BASIC'),
  ('KTL', 'fin-ivory', 'BASIC'),
  ('KTL', 'fin-terracotta-red', 'BASIC'),
  ('KTL', 'fin-bordeaux-red', 'BASIC'),
  ('KTL', 'fin-deep-blue', 'BASIC'),
  ('KTL', 'fin-anthracite', 'BASIC'),
  ('KTL', 'fin-cork', 'BASIC'),
  ('KX', 'fin-natural-clay', 'BASIC'),
  ('KX', 'fin-white', 'BASIC'),
  ('KX', 'fin-ivory', 'BASIC'),
  ('KX', 'fin-terracotta-red', 'BASIC'),
  ('KX', 'fin-bordeaux-red', 'BASIC'),
  ('KX', 'fin-deep-blue', 'BASIC'),
  ('KX', 'fin-anthracite', 'BASIC'),
  ('KX', 'fin-cork', 'BASIC'),
  ('KL', 'fin-natural-clay', 'BASIC'),
  ('KL', 'fin-white', 'BASIC'),
  ('KL', 'fin-ivory', 'BASIC'),
  ('KL', 'fin-terracotta-red', 'BASIC'),
  ('KL', 'fin-bordeaux-red', 'BASIC'),
  ('KL', 'fin-deep-blue', 'BASIC'),
  ('KL', 'fin-anthracite', 'BASIC'),
  ('KL', 'fin-cork', 'BASIC'),
  ('O_Series', 'fin-natural-clay', 'BASIC'),
  ('O_Series', 'fin-white', 'BASIC'),
  ('O_Series', 'fin-ivory', 'BASIC'),
  ('O_Series', 'fin-terracotta-red', 'BASIC'),
  ('O_Series', 'fin-bordeaux-red', 'BASIC'),
  ('O_Series', 'fin-deep-blue', 'BASIC'),
  ('O_Series', 'fin-anthracite', 'BASIC'),
  ('O_Series', 'fin-cork', 'BASIC'),
  ('OCT', 'fin-natural-clay', 'BASIC'),
  ('OCT', 'fin-white', 'BASIC'),
  ('OCT', 'fin-ivory', 'BASIC'),
  ('OCT', 'fin-terracotta-red', 'BASIC'),
  ('OCT', 'fin-bordeaux-red', 'BASIC'),
  ('OCT', 'fin-deep-blue', 'BASIC'),
  ('OCT', 'fin-anthracite', 'BASIC'),
  ('OCT', 'fin-cork', 'BASIC'),
  ('OD___ODB', 'fin-natural-clay', 'BASIC'),
  ('OD___ODB', 'fin-white', 'BASIC'),
  ('OD___ODB', 'fin-ivory', 'BASIC'),
  ('OD___ODB', 'fin-terracotta-red', 'BASIC'),
  ('OD___ODB', 'fin-bordeaux-red', 'BASIC'),
  ('OD___ODB', 'fin-deep-blue', 'BASIC'),
  ('OD___ODB', 'fin-anthracite', 'BASIC'),
  ('OD___ODB', 'fin-cork', 'BASIC'),
  ('OE_Series', 'fin-natural-clay', 'BASIC'),
  ('OE_Series', 'fin-white', 'BASIC'),
  ('OE_Series', 'fin-ivory', 'BASIC'),
  ('OE_Series', 'fin-terracotta-red', 'BASIC'),
  ('OE_Series', 'fin-bordeaux-red', 'BASIC'),
  ('OE_Series', 'fin-deep-blue', 'BASIC'),
  ('OE_Series', 'fin-anthracite', 'BASIC'),
  ('OE_Series', 'fin-cork', 'BASIC'),
  ('OF_Series', 'fin-natural-clay', 'BASIC'),
  ('OF_Series', 'fin-white', 'BASIC'),
  ('OF_Series', 'fin-ivory', 'BASIC'),
  ('OF_Series', 'fin-terracotta-red', 'BASIC'),
  ('OF_Series', 'fin-bordeaux-red', 'BASIC'),
  ('OF_Series', 'fin-deep-blue', 'BASIC'),
  ('OF_Series', 'fin-anthracite', 'BASIC'),
  ('OF_Series', 'fin-cork', 'BASIC'),
  ('OP', 'fin-natural-clay', 'BASIC'),
  ('OP', 'fin-white', 'BASIC'),
  ('OP', 'fin-ivory', 'BASIC'),
  ('OP', 'fin-terracotta-red', 'BASIC'),
  ('OP', 'fin-bordeaux-red', 'BASIC'),
  ('OP', 'fin-deep-blue', 'BASIC'),
  ('OP', 'fin-anthracite', 'BASIC'),
  ('OP', 'fin-cork', 'BASIC'),
  ('OV', 'fin-natural-clay', 'BASIC'),
  ('OV', 'fin-white', 'BASIC'),
  ('OV', 'fin-ivory', 'BASIC'),
  ('OV', 'fin-terracotta-red', 'BASIC'),
  ('OV', 'fin-bordeaux-red', 'BASIC'),
  ('OV', 'fin-deep-blue', 'BASIC'),
  ('OV', 'fin-anthracite', 'BASIC'),
  ('OV', 'fin-cork', 'BASIC'),
  ('CL_Series', 'fin-natural-clay', 'BASIC'),
  ('CL_Series', 'fin-white', 'BASIC'),
  ('CL_Series', 'fin-ivory', 'BASIC'),
  ('CL_Series', 'fin-terracotta-red', 'BASIC'),
  ('CL_Series', 'fin-bordeaux-red', 'BASIC'),
  ('CL_Series', 'fin-deep-blue', 'BASIC'),
  ('CL_Series', 'fin-anthracite', 'BASIC'),
  ('CL_Series', 'fin-cork', 'BASIC'),
  ('CLB', 'fin-natural-clay', 'BASIC'),
  ('CLB', 'fin-white', 'BASIC'),
  ('CLB', 'fin-ivory', 'BASIC'),
  ('CLB', 'fin-terracotta-red', 'BASIC'),
  ('CLB', 'fin-bordeaux-red', 'BASIC'),
  ('CLB', 'fin-deep-blue', 'BASIC'),
  ('CLB', 'fin-anthracite', 'BASIC'),
  ('CLB', 'fin-cork', 'BASIC'),
  ('CLG', 'fin-natural-clay', 'BASIC'),
  ('CLG', 'fin-white', 'BASIC'),
  ('CLG', 'fin-ivory', 'BASIC'),
  ('CLG', 'fin-terracotta-red', 'BASIC'),
  ('CLG', 'fin-bordeaux-red', 'BASIC'),
  ('CLG', 'fin-deep-blue', 'BASIC'),
  ('CLG', 'fin-anthracite', 'BASIC'),
  ('CLG', 'fin-cork', 'BASIC'),
  ('CLK', 'fin-natural-clay', 'BASIC'),
  ('CLK', 'fin-white', 'BASIC'),
  ('CLK', 'fin-ivory', 'BASIC'),
  ('CLK', 'fin-terracotta-red', 'BASIC'),
  ('CLK', 'fin-bordeaux-red', 'BASIC'),
  ('CLK', 'fin-deep-blue', 'BASIC'),
  ('CLK', 'fin-anthracite', 'BASIC'),
  ('CLK', 'fin-cork', 'BASIC'),
  ('CLO', 'fin-natural-clay', 'BASIC'),
  ('CLO', 'fin-white', 'BASIC'),
  ('CLO', 'fin-ivory', 'BASIC'),
  ('CLO', 'fin-terracotta-red', 'BASIC'),
  ('CLO', 'fin-bordeaux-red', 'BASIC'),
  ('CLO', 'fin-deep-blue', 'BASIC'),
  ('CLO', 'fin-anthracite', 'BASIC'),
  ('CLO', 'fin-cork', 'BASIC'),
  ('CLT', 'fin-natural-clay', 'BASIC'),
  ('CLT', 'fin-white', 'BASIC'),
  ('CLT', 'fin-ivory', 'BASIC'),
  ('CLT', 'fin-terracotta-red', 'BASIC'),
  ('CLT', 'fin-bordeaux-red', 'BASIC'),
  ('CLT', 'fin-deep-blue', 'BASIC'),
  ('CLT', 'fin-anthracite', 'BASIC'),
  ('CLT', 'fin-cork', 'BASIC'),
  ('B_Series', 'fin-natural-clay', 'BASIC'),
  ('B_Series', 'fin-white', 'BASIC'),
  ('B_Series', 'fin-ivory', 'BASIC'),
  ('B_Series', 'fin-terracotta-red', 'BASIC'),
  ('B_Series', 'fin-bordeaux-red', 'BASIC'),
  ('B_Series', 'fin-deep-blue', 'BASIC'),
  ('B_Series', 'fin-anthracite', 'BASIC'),
  ('B_Series', 'fin-cork', 'BASIC'),
  ('BC_Series', 'fin-natural-clay', 'BASIC'),
  ('BC_Series', 'fin-white', 'BASIC'),
  ('BC_Series', 'fin-ivory', 'BASIC'),
  ('BC_Series', 'fin-terracotta-red', 'BASIC'),
  ('BC_Series', 'fin-bordeaux-red', 'BASIC'),
  ('BC_Series', 'fin-deep-blue', 'BASIC'),
  ('BC_Series', 'fin-anthracite', 'BASIC'),
  ('BC_Series', 'fin-cork', 'BASIC'),
  ('BCH_Series', 'fin-natural-clay', 'BASIC'),
  ('BCH_Series', 'fin-white', 'BASIC'),
  ('BCH_Series', 'fin-ivory', 'BASIC'),
  ('BCH_Series', 'fin-terracotta-red', 'BASIC'),
  ('BCH_Series', 'fin-bordeaux-red', 'BASIC'),
  ('BCH_Series', 'fin-deep-blue', 'BASIC'),
  ('BCH_Series', 'fin-anthracite', 'BASIC'),
  ('BCH_Series', 'fin-cork', 'BASIC'),
  ('BL', 'fin-natural-clay', 'BASIC'),
  ('BL', 'fin-white', 'BASIC'),
  ('BL', 'fin-ivory', 'BASIC'),
  ('BL', 'fin-terracotta-red', 'BASIC'),
  ('BL', 'fin-bordeaux-red', 'BASIC'),
  ('BL', 'fin-deep-blue', 'BASIC'),
  ('BL', 'fin-anthracite', 'BASIC'),
  ('BL', 'fin-cork', 'BASIC'),
  ('BR_Series', 'fin-natural-clay', 'BASIC'),
  ('BR_Series', 'fin-white', 'BASIC'),
  ('BR_Series', 'fin-ivory', 'BASIC'),
  ('BR_Series', 'fin-terracotta-red', 'BASIC'),
  ('BR_Series', 'fin-bordeaux-red', 'BASIC'),
  ('BR_Series', 'fin-deep-blue', 'BASIC'),
  ('BR_Series', 'fin-anthracite', 'BASIC'),
  ('BR_Series', 'fin-cork', 'BASIC'),
  ('BRF_Series', 'fin-natural-clay', 'BASIC'),
  ('BRF_Series', 'fin-white', 'BASIC'),
  ('BRF_Series', 'fin-ivory', 'BASIC'),
  ('BRF_Series', 'fin-terracotta-red', 'BASIC'),
  ('BRF_Series', 'fin-bordeaux-red', 'BASIC'),
  ('BRF_Series', 'fin-deep-blue', 'BASIC'),
  ('BRF_Series', 'fin-anthracite', 'BASIC'),
  ('BRF_Series', 'fin-cork', 'BASIC'),
  ('BRL_Series', 'fin-natural-clay', 'BASIC'),
  ('BRL_Series', 'fin-white', 'BASIC'),
  ('BRL_Series', 'fin-ivory', 'BASIC'),
  ('BRL_Series', 'fin-terracotta-red', 'BASIC'),
  ('BRL_Series', 'fin-bordeaux-red', 'BASIC'),
  ('BRL_Series', 'fin-deep-blue', 'BASIC'),
  ('BRL_Series', 'fin-anthracite', 'BASIC'),
  ('BRL_Series', 'fin-cork', 'BASIC'),
  ('CC', 'fin-natural-clay', 'BASIC'),
  ('CC', 'fin-white', 'BASIC'),
  ('CC', 'fin-ivory', 'BASIC'),
  ('CC', 'fin-terracotta-red', 'BASIC'),
  ('CC', 'fin-bordeaux-red', 'BASIC'),
  ('CC', 'fin-deep-blue', 'BASIC'),
  ('CC', 'fin-anthracite', 'BASIC'),
  ('CC', 'fin-cork', 'BASIC'),
  ('CCL', 'fin-natural-clay', 'BASIC'),
  ('CCL', 'fin-white', 'BASIC'),
  ('CCL', 'fin-ivory', 'BASIC'),
  ('CCL', 'fin-terracotta-red', 'BASIC'),
  ('CCL', 'fin-bordeaux-red', 'BASIC'),
  ('CCL', 'fin-deep-blue', 'BASIC'),
  ('CCL', 'fin-anthracite', 'BASIC'),
  ('CCL', 'fin-cork', 'BASIC'),
  ('CK_Series', 'fin-natural-clay', 'BASIC'),
  ('CK_Series', 'fin-white', 'BASIC'),
  ('CK_Series', 'fin-ivory', 'BASIC'),
  ('CK_Series', 'fin-terracotta-red', 'BASIC'),
  ('CK_Series', 'fin-bordeaux-red', 'BASIC'),
  ('CK_Series', 'fin-deep-blue', 'BASIC'),
  ('CK_Series', 'fin-anthracite', 'BASIC'),
  ('CK_Series', 'fin-cork', 'BASIC'),
  ('CKL', 'fin-natural-clay', 'BASIC'),
  ('CKL', 'fin-white', 'BASIC'),
  ('CKL', 'fin-ivory', 'BASIC'),
  ('CKL', 'fin-terracotta-red', 'BASIC'),
  ('CKL', 'fin-bordeaux-red', 'BASIC'),
  ('CKL', 'fin-deep-blue', 'BASIC'),
  ('CKL', 'fin-anthracite', 'BASIC'),
  ('CKL', 'fin-cork', 'BASIC'),
  ('COP', 'fin-natural-clay', 'BASIC'),
  ('COP', 'fin-white', 'BASIC'),
  ('COP', 'fin-ivory', 'BASIC'),
  ('COP', 'fin-terracotta-red', 'BASIC'),
  ('COP', 'fin-bordeaux-red', 'BASIC'),
  ('COP', 'fin-deep-blue', 'BASIC'),
  ('COP', 'fin-anthracite', 'BASIC'),
  ('COP', 'fin-cork', 'BASIC'),
  ('CS_Series', 'fin-natural-clay', 'BASIC'),
  ('CS_Series', 'fin-white', 'BASIC'),
  ('CS_Series', 'fin-ivory', 'BASIC'),
  ('CS_Series', 'fin-terracotta-red', 'BASIC'),
  ('CS_Series', 'fin-bordeaux-red', 'BASIC'),
  ('CS_Series', 'fin-deep-blue', 'BASIC'),
  ('CS_Series', 'fin-anthracite', 'BASIC'),
  ('CS_Series', 'fin-cork', 'BASIC'),
  ('CUBE_S', 'fin-natural-clay', 'BASIC'),
  ('CUBE_S', 'fin-white', 'BASIC'),
  ('CUBE_S', 'fin-ivory', 'BASIC'),
  ('CUBE_S', 'fin-terracotta-red', 'BASIC'),
  ('CUBE_S', 'fin-bordeaux-red', 'BASIC'),
  ('CUBE_S', 'fin-deep-blue', 'BASIC'),
  ('CUBE_S', 'fin-anthracite', 'BASIC'),
  ('CUBE_S', 'fin-cork', 'BASIC'),
  ('DCL', 'fin-natural-clay', 'BASIC'),
  ('DCL', 'fin-white', 'BASIC'),
  ('DCL', 'fin-ivory', 'BASIC'),
  ('DCL', 'fin-terracotta-red', 'BASIC'),
  ('DCL', 'fin-bordeaux-red', 'BASIC'),
  ('DCL', 'fin-deep-blue', 'BASIC'),
  ('DCL', 'fin-anthracite', 'BASIC'),
  ('DCL', 'fin-cork', 'BASIC'),
  ('MF_Series', 'fin-natural-clay', 'BASIC'),
  ('MF_Series', 'fin-white', 'BASIC'),
  ('MF_Series', 'fin-ivory', 'BASIC'),
  ('MF_Series', 'fin-terracotta-red', 'BASIC'),
  ('MF_Series', 'fin-bordeaux-red', 'BASIC'),
  ('MF_Series', 'fin-deep-blue', 'BASIC'),
  ('MF_Series', 'fin-anthracite', 'BASIC'),
  ('MF_Series', 'fin-cork', 'BASIC'),
  ('MHR', 'fin-natural-clay', 'BASIC'),
  ('MHR', 'fin-white', 'BASIC'),
  ('MHR', 'fin-ivory', 'BASIC'),
  ('MHR', 'fin-terracotta-red', 'BASIC'),
  ('MHR', 'fin-bordeaux-red', 'BASIC'),
  ('MHR', 'fin-deep-blue', 'BASIC'),
  ('MHR', 'fin-anthracite', 'BASIC'),
  ('MHR', 'fin-cork', 'BASIC'),
  ('MK', 'fin-natural-clay', 'BASIC'),
  ('MK', 'fin-white', 'BASIC'),
  ('MK', 'fin-ivory', 'BASIC'),
  ('MK', 'fin-terracotta-red', 'BASIC'),
  ('MK', 'fin-bordeaux-red', 'BASIC'),
  ('MK', 'fin-deep-blue', 'BASIC'),
  ('MK', 'fin-anthracite', 'BASIC'),
  ('MK', 'fin-cork', 'BASIC'),
  ('ML', 'fin-natural-clay', 'BASIC'),
  ('ML', 'fin-white', 'BASIC'),
  ('ML', 'fin-ivory', 'BASIC'),
  ('ML', 'fin-terracotta-red', 'BASIC'),
  ('ML', 'fin-bordeaux-red', 'BASIC'),
  ('ML', 'fin-deep-blue', 'BASIC'),
  ('ML', 'fin-anthracite', 'BASIC'),
  ('ML', 'fin-cork', 'BASIC'),
  ('MLS', 'fin-natural-clay', 'BASIC'),
  ('MLS', 'fin-white', 'BASIC'),
  ('MLS', 'fin-ivory', 'BASIC'),
  ('MLS', 'fin-terracotta-red', 'BASIC'),
  ('MLS', 'fin-bordeaux-red', 'BASIC'),
  ('MLS', 'fin-deep-blue', 'BASIC'),
  ('MLS', 'fin-anthracite', 'BASIC'),
  ('MLS', 'fin-cork', 'BASIC'),
  ('MR_Series', 'fin-natural-clay', 'BASIC'),
  ('MR_Series', 'fin-white', 'BASIC'),
  ('MR_Series', 'fin-ivory', 'BASIC'),
  ('MR_Series', 'fin-terracotta-red', 'BASIC'),
  ('MR_Series', 'fin-bordeaux-red', 'BASIC'),
  ('MR_Series', 'fin-deep-blue', 'BASIC'),
  ('MR_Series', 'fin-anthracite', 'BASIC'),
  ('MR_Series', 'fin-cork', 'BASIC'),
  ('MRA', 'fin-natural-clay', 'BASIC'),
  ('MRA', 'fin-white', 'BASIC'),
  ('MRA', 'fin-ivory', 'BASIC'),
  ('MRA', 'fin-terracotta-red', 'BASIC'),
  ('MRA', 'fin-bordeaux-red', 'BASIC'),
  ('MRA', 'fin-deep-blue', 'BASIC'),
  ('MRA', 'fin-anthracite', 'BASIC'),
  ('MRA', 'fin-cork', 'BASIC'),
  ('MRB', 'fin-natural-clay', 'BASIC'),
  ('MRB', 'fin-white', 'BASIC'),
  ('MRB', 'fin-ivory', 'BASIC'),
  ('MRB', 'fin-terracotta-red', 'BASIC'),
  ('MRB', 'fin-bordeaux-red', 'BASIC'),
  ('MRB', 'fin-deep-blue', 'BASIC'),
  ('MRB', 'fin-anthracite', 'BASIC'),
  ('MRB', 'fin-cork', 'BASIC'),
  ('MRR_Series', 'fin-natural-clay', 'BASIC'),
  ('MRR_Series', 'fin-white', 'BASIC'),
  ('MRR_Series', 'fin-ivory', 'BASIC'),
  ('MRR_Series', 'fin-terracotta-red', 'BASIC'),
  ('MRR_Series', 'fin-bordeaux-red', 'BASIC'),
  ('MRR_Series', 'fin-deep-blue', 'BASIC'),
  ('MRR_Series', 'fin-anthracite', 'BASIC'),
  ('MRR_Series', 'fin-cork', 'BASIC'),
  ('MU', 'fin-natural-clay', 'BASIC'),
  ('MU', 'fin-white', 'BASIC'),
  ('MU', 'fin-ivory', 'BASIC'),
  ('MU', 'fin-terracotta-red', 'BASIC'),
  ('MU', 'fin-bordeaux-red', 'BASIC'),
  ('MU', 'fin-deep-blue', 'BASIC'),
  ('MU', 'fin-anthracite', 'BASIC'),
  ('MU', 'fin-cork', 'BASIC'),
  ('MUR', 'fin-natural-clay', 'BASIC'),
  ('MUR', 'fin-white', 'BASIC'),
  ('MUR', 'fin-ivory', 'BASIC'),
  ('MUR', 'fin-terracotta-red', 'BASIC'),
  ('MUR', 'fin-bordeaux-red', 'BASIC'),
  ('MUR', 'fin-deep-blue', 'BASIC'),
  ('MUR', 'fin-anthracite', 'BASIC'),
  ('MUR', 'fin-cork', 'BASIC'),
  ('HK_Series', 'fin-natural-clay', 'BASIC'),
  ('HK_Series', 'fin-white', 'BASIC'),
  ('HK_Series', 'fin-ivory', 'BASIC'),
  ('HK_Series', 'fin-terracotta-red', 'BASIC'),
  ('HK_Series', 'fin-bordeaux-red', 'BASIC'),
  ('HK_Series', 'fin-deep-blue', 'BASIC'),
  ('HK_Series', 'fin-anthracite', 'BASIC'),
  ('HK_Series', 'fin-cork', 'BASIC'),
  ('HKH', 'fin-natural-clay', 'BASIC'),
  ('HKH', 'fin-white', 'BASIC'),
  ('HKH', 'fin-ivory', 'BASIC'),
  ('HKH', 'fin-terracotta-red', 'BASIC'),
  ('HKH', 'fin-bordeaux-red', 'BASIC'),
  ('HKH', 'fin-deep-blue', 'BASIC'),
  ('HKH', 'fin-anthracite', 'BASIC'),
  ('HKH', 'fin-cork', 'BASIC'),
  ('HM', 'fin-natural-clay', 'BASIC'),
  ('HM', 'fin-white', 'BASIC'),
  ('HM', 'fin-ivory', 'BASIC'),
  ('HM', 'fin-terracotta-red', 'BASIC'),
  ('HM', 'fin-bordeaux-red', 'BASIC'),
  ('HM', 'fin-deep-blue', 'BASIC'),
  ('HM', 'fin-anthracite', 'BASIC'),
  ('HM', 'fin-cork', 'BASIC'),
  ('HV_Series', 'fin-natural-clay', 'BASIC'),
  ('HV_Series', 'fin-white', 'BASIC'),
  ('HV_Series', 'fin-ivory', 'BASIC'),
  ('HV_Series', 'fin-terracotta-red', 'BASIC'),
  ('HV_Series', 'fin-bordeaux-red', 'BASIC'),
  ('HV_Series', 'fin-deep-blue', 'BASIC'),
  ('HV_Series', 'fin-anthracite', 'BASIC'),
  ('HV_Series', 'fin-cork', 'BASIC'),
  ('HVF', 'fin-natural-clay', 'BASIC'),
  ('HVF', 'fin-white', 'BASIC'),
  ('HVF', 'fin-ivory', 'BASIC'),
  ('HVF', 'fin-terracotta-red', 'BASIC'),
  ('HVF', 'fin-bordeaux-red', 'BASIC'),
  ('HVF', 'fin-deep-blue', 'BASIC'),
  ('HVF', 'fin-anthracite', 'BASIC'),
  ('HVF', 'fin-cork', 'BASIC'),
  ('SB', 'fin-natural-clay', 'BASIC'),
  ('SB', 'fin-white', 'BASIC'),
  ('SB', 'fin-ivory', 'BASIC'),
  ('SB', 'fin-terracotta-red', 'BASIC'),
  ('SB', 'fin-bordeaux-red', 'BASIC'),
  ('SB', 'fin-deep-blue', 'BASIC'),
  ('SB', 'fin-anthracite', 'BASIC'),
  ('SB', 'fin-cork', 'BASIC'),
  ('SJ', 'fin-natural-clay', 'BASIC'),
  ('SJ', 'fin-white', 'BASIC'),
  ('SJ', 'fin-ivory', 'BASIC'),
  ('SJ', 'fin-terracotta-red', 'BASIC'),
  ('SJ', 'fin-bordeaux-red', 'BASIC'),
  ('SJ', 'fin-deep-blue', 'BASIC'),
  ('SJ', 'fin-anthracite', 'BASIC'),
  ('SJ', 'fin-cork', 'BASIC'),
  ('SO', 'fin-natural-clay', 'BASIC'),
  ('SO', 'fin-white', 'BASIC'),
  ('SO', 'fin-ivory', 'BASIC'),
  ('SO', 'fin-terracotta-red', 'BASIC'),
  ('SO', 'fin-bordeaux-red', 'BASIC'),
  ('SO', 'fin-deep-blue', 'BASIC'),
  ('SO', 'fin-anthracite', 'BASIC'),
  ('SO', 'fin-cork', 'BASIC'),
  ('SR_Series', 'fin-natural-clay', 'BASIC'),
  ('SR_Series', 'fin-white', 'BASIC'),
  ('SR_Series', 'fin-ivory', 'BASIC'),
  ('SR_Series', 'fin-terracotta-red', 'BASIC'),
  ('SR_Series', 'fin-bordeaux-red', 'BASIC'),
  ('SR_Series', 'fin-deep-blue', 'BASIC'),
  ('SR_Series', 'fin-anthracite', 'BASIC'),
  ('SR_Series', 'fin-cork', 'BASIC'),
  ('SRD', 'fin-natural-clay', 'BASIC'),
  ('SRD', 'fin-white', 'BASIC'),
  ('SRD', 'fin-ivory', 'BASIC'),
  ('SRD', 'fin-terracotta-red', 'BASIC'),
  ('SRD', 'fin-bordeaux-red', 'BASIC'),
  ('SRD', 'fin-deep-blue', 'BASIC'),
  ('SRD', 'fin-anthracite', 'BASIC'),
  ('SRD', 'fin-cork', 'BASIC'),
  ('SRS_Series', 'fin-natural-clay', 'BASIC'),
  ('SRS_Series', 'fin-white', 'BASIC'),
  ('SRS_Series', 'fin-ivory', 'BASIC'),
  ('SRS_Series', 'fin-terracotta-red', 'BASIC'),
  ('SRS_Series', 'fin-bordeaux-red', 'BASIC'),
  ('SRS_Series', 'fin-deep-blue', 'BASIC'),
  ('SRS_Series', 'fin-anthracite', 'BASIC'),
  ('SRS_Series', 'fin-cork', 'BASIC'),
  ('RR_Series', 'fin-natural-clay', 'BASIC'),
  ('RR_Series', 'fin-white', 'BASIC'),
  ('RR_Series', 'fin-ivory', 'BASIC'),
  ('RR_Series', 'fin-terracotta-red', 'BASIC'),
  ('RR_Series', 'fin-bordeaux-red', 'BASIC'),
  ('RR_Series', 'fin-deep-blue', 'BASIC'),
  ('RR_Series', 'fin-anthracite', 'BASIC'),
  ('RR_Series', 'fin-cork', 'BASIC'),
  ('RRH_Series', 'fin-natural-clay', 'BASIC'),
  ('RRH_Series', 'fin-white', 'BASIC'),
  ('RRH_Series', 'fin-ivory', 'BASIC'),
  ('RRH_Series', 'fin-terracotta-red', 'BASIC'),
  ('RRH_Series', 'fin-bordeaux-red', 'BASIC'),
  ('RRH_Series', 'fin-deep-blue', 'BASIC'),
  ('RRH_Series', 'fin-anthracite', 'BASIC'),
  ('RRH_Series', 'fin-cork', 'BASIC'),
  ('GR_Series', 'fin-natural-clay', 'BASIC'),
  ('GR_Series', 'fin-white', 'BASIC'),
  ('GR_Series', 'fin-ivory', 'BASIC'),
  ('GR_Series', 'fin-terracotta-red', 'BASIC'),
  ('GR_Series', 'fin-bordeaux-red', 'BASIC'),
  ('GR_Series', 'fin-deep-blue', 'BASIC'),
  ('GR_Series', 'fin-anthracite', 'BASIC'),
  ('GR_Series', 'fin-cork', 'BASIC'),
  ('GZL', 'fin-natural-clay', 'BASIC'),
  ('GZL', 'fin-white', 'BASIC'),
  ('GZL', 'fin-ivory', 'BASIC'),
  ('GZL', 'fin-terracotta-red', 'BASIC'),
  ('GZL', 'fin-bordeaux-red', 'BASIC'),
  ('GZL', 'fin-deep-blue', 'BASIC'),
  ('GZL', 'fin-anthracite', 'BASIC'),
  ('GZL', 'fin-cork', 'BASIC'),
  ('SP_Series', 'fin-natural-clay', 'BASIC'),
  ('SP_Series', 'fin-white', 'BASIC'),
  ('SP_Series', 'fin-ivory', 'BASIC'),
  ('SP_Series', 'fin-terracotta-red', 'BASIC'),
  ('SP_Series', 'fin-bordeaux-red', 'BASIC'),
  ('SP_Series', 'fin-deep-blue', 'BASIC'),
  ('SP_Series', 'fin-anthracite', 'BASIC'),
  ('SP_Series', 'fin-cork', 'BASIC'),
  ('DMB', 'fin-natural-clay', 'BASIC'),
  ('DMB', 'fin-white', 'BASIC'),
  ('DMB', 'fin-ivory', 'BASIC'),
  ('DMB', 'fin-terracotta-red', 'BASIC'),
  ('DMB', 'fin-bordeaux-red', 'BASIC'),
  ('DMB', 'fin-deep-blue', 'BASIC'),
  ('DMB', 'fin-anthracite', 'BASIC'),
  ('DMB', 'fin-cork', 'BASIC'),
  ('DT_Series', 'fin-natural-clay', 'BASIC'),
  ('DT_Series', 'fin-white', 'BASIC'),
  ('DT_Series', 'fin-ivory', 'BASIC'),
  ('DT_Series', 'fin-terracotta-red', 'BASIC'),
  ('DT_Series', 'fin-bordeaux-red', 'BASIC'),
  ('DT_Series', 'fin-deep-blue', 'BASIC'),
  ('DT_Series', 'fin-anthracite', 'BASIC'),
  ('DT_Series', 'fin-cork', 'BASIC'),
  ('EM_Series', 'fin-natural-clay', 'BASIC'),
  ('EM_Series', 'fin-white', 'BASIC'),
  ('EM_Series', 'fin-ivory', 'BASIC'),
  ('EM_Series', 'fin-terracotta-red', 'BASIC'),
  ('EM_Series', 'fin-bordeaux-red', 'BASIC'),
  ('EM_Series', 'fin-deep-blue', 'BASIC'),
  ('EM_Series', 'fin-anthracite', 'BASIC'),
  ('EM_Series', 'fin-cork', 'BASIC'),
  ('Embrace_Bench', 'fin-natural-clay', 'BASIC'),
  ('Embrace_Bench', 'fin-white', 'BASIC'),
  ('Embrace_Bench', 'fin-anthracite', 'BASIC'),
  ('Embrace_Bench', 'fin-leather-option', 'BASIC'),
  ('KH_Seating', 'fin-natural-clay', 'BASIC'),
  ('KH_Seating', 'fin-white', 'BASIC'),
  ('KH_Seating', 'fin-anthracite', 'BASIC'),
  ('KH_Seating', 'fin-leather-option', 'BASIC'),
  ('MLH', 'fin-natural-clay', 'BASIC'),
  ('MLH', 'fin-white', 'BASIC'),
  ('MLH', 'fin-anthracite', 'BASIC'),
  ('MLH', 'fin-leather-option', 'BASIC'),
  ('DC_Series', 'fin-natural-clay', 'BASIC'),
  ('DC_Series', 'fin-white', 'BASIC'),
  ('DC_Series', 'fin-ivory', 'BASIC'),
  ('DC_Series', 'fin-terracotta-red', 'BASIC'),
  ('DC_Series', 'fin-bordeaux-red', 'BASIC'),
  ('DC_Series', 'fin-deep-blue', 'BASIC'),
  ('DC_Series', 'fin-anthracite', 'BASIC'),
  ('DC_Series', 'fin-cork', 'BASIC'),
  ('FGS___FGR', 'fin-natural-clay', 'BASIC'),
  ('FGS___FGR', 'fin-white', 'BASIC'),
  ('FGS___FGR', 'fin-ivory', 'BASIC'),
  ('FGS___FGR', 'fin-terracotta-red', 'BASIC'),
  ('FGS___FGR', 'fin-bordeaux-red', 'BASIC'),
  ('FGS___FGR', 'fin-deep-blue', 'BASIC'),
  ('FGS___FGR', 'fin-anthracite', 'BASIC'),
  ('FGS___FGR', 'fin-cork', 'BASIC'),
  ('IP', 'fin-natural-clay', 'BASIC'),
  ('IP', 'fin-white', 'BASIC'),
  ('IP', 'fin-ivory', 'BASIC'),
  ('IP', 'fin-terracotta-red', 'BASIC'),
  ('IP', 'fin-bordeaux-red', 'BASIC'),
  ('IP', 'fin-deep-blue', 'BASIC'),
  ('IP', 'fin-anthracite', 'BASIC'),
  ('IP', 'fin-cork', 'BASIC'),
  ('LC', 'fin-natural-clay', 'BASIC'),
  ('LC', 'fin-white', 'BASIC'),
  ('LC', 'fin-ivory', 'BASIC'),
  ('LC', 'fin-terracotta-red', 'BASIC'),
  ('LC', 'fin-bordeaux-red', 'BASIC'),
  ('LC', 'fin-deep-blue', 'BASIC'),
  ('LC', 'fin-anthracite', 'BASIC'),
  ('LC', 'fin-cork', 'BASIC'),
  ('LK', 'fin-natural-clay', 'BASIC'),
  ('LK', 'fin-white', 'BASIC'),
  ('LK', 'fin-ivory', 'BASIC'),
  ('LK', 'fin-terracotta-red', 'BASIC'),
  ('LK', 'fin-bordeaux-red', 'BASIC'),
  ('LK', 'fin-deep-blue', 'BASIC'),
  ('LK', 'fin-anthracite', 'BASIC'),
  ('LK', 'fin-cork', 'BASIC'),
  ('LMP', 'fin-natural-clay', 'BASIC'),
  ('LMP', 'fin-white', 'BASIC'),
  ('LMP', 'fin-ivory', 'BASIC'),
  ('LMP', 'fin-terracotta-red', 'BASIC'),
  ('LMP', 'fin-bordeaux-red', 'BASIC'),
  ('LMP', 'fin-deep-blue', 'BASIC'),
  ('LMP', 'fin-anthracite', 'BASIC'),
  ('LMP', 'fin-cork', 'BASIC'),
  ('LPS', 'fin-natural-clay', 'BASIC'),
  ('LPS', 'fin-white', 'BASIC'),
  ('LPS', 'fin-ivory', 'BASIC'),
  ('LPS', 'fin-terracotta-red', 'BASIC'),
  ('LPS', 'fin-bordeaux-red', 'BASIC'),
  ('LPS', 'fin-deep-blue', 'BASIC'),
  ('LPS', 'fin-anthracite', 'BASIC'),
  ('LPS', 'fin-cork', 'BASIC'),
  ('LR', 'fin-natural-clay', 'BASIC'),
  ('LR', 'fin-white', 'BASIC'),
  ('LR', 'fin-ivory', 'BASIC'),
  ('LR', 'fin-terracotta-red', 'BASIC'),
  ('LR', 'fin-bordeaux-red', 'BASIC'),
  ('LR', 'fin-deep-blue', 'BASIC'),
  ('LR', 'fin-anthracite', 'BASIC'),
  ('LR', 'fin-cork', 'BASIC'),
  ('LRC', 'fin-natural-clay', 'BASIC'),
  ('LRC', 'fin-white', 'BASIC'),
  ('LRC', 'fin-ivory', 'BASIC'),
  ('LRC', 'fin-terracotta-red', 'BASIC'),
  ('LRC', 'fin-bordeaux-red', 'BASIC'),
  ('LRC', 'fin-deep-blue', 'BASIC'),
  ('LRC', 'fin-anthracite', 'BASIC'),
  ('LRC', 'fin-cork', 'BASIC'),
  ('ADAMAS', 'fin-natural-clay', 'BASIC'),
  ('ADAMAS', 'fin-white', 'BASIC'),
  ('ADAMAS', 'fin-ivory', 'BASIC'),
  ('ADAMAS', 'fin-terracotta-red', 'BASIC'),
  ('ADAMAS', 'fin-bordeaux-red', 'BASIC'),
  ('ADAMAS', 'fin-deep-blue', 'BASIC'),
  ('ADAMAS', 'fin-anthracite', 'BASIC'),
  ('ADAMAS', 'fin-cork', 'BASIC'),
  ('ANTHOS', 'fin-natural-clay', 'BASIC'),
  ('ANTHOS', 'fin-white', 'BASIC'),
  ('ANTHOS', 'fin-ivory', 'BASIC'),
  ('ANTHOS', 'fin-terracotta-red', 'BASIC'),
  ('ANTHOS', 'fin-bordeaux-red', 'BASIC'),
  ('ANTHOS', 'fin-deep-blue', 'BASIC'),
  ('ANTHOS', 'fin-anthracite', 'BASIC'),
  ('ANTHOS', 'fin-cork', 'BASIC'),
  ('CB', 'fin-natural-clay', 'BASIC'),
  ('CB', 'fin-white', 'BASIC'),
  ('CB', 'fin-ivory', 'BASIC'),
  ('CB', 'fin-terracotta-red', 'BASIC'),
  ('CB', 'fin-bordeaux-red', 'BASIC'),
  ('CB', 'fin-deep-blue', 'BASIC'),
  ('CB', 'fin-anthracite', 'BASIC'),
  ('CB', 'fin-cork', 'BASIC'),
  ('CBH_Series', 'fin-natural-clay', 'BASIC'),
  ('CBH_Series', 'fin-white', 'BASIC'),
  ('CBH_Series', 'fin-ivory', 'BASIC'),
  ('CBH_Series', 'fin-terracotta-red', 'BASIC'),
  ('CBH_Series', 'fin-bordeaux-red', 'BASIC'),
  ('CBH_Series', 'fin-deep-blue', 'BASIC'),
  ('CBH_Series', 'fin-anthracite', 'BASIC'),
  ('CBH_Series', 'fin-cork', 'BASIC'),
  ('CLE', 'fin-natural-clay', 'BASIC'),
  ('CLE', 'fin-white', 'BASIC'),
  ('CLE', 'fin-ivory', 'BASIC'),
  ('CLE', 'fin-terracotta-red', 'BASIC'),
  ('CLE', 'fin-bordeaux-red', 'BASIC'),
  ('CLE', 'fin-deep-blue', 'BASIC'),
  ('CLE', 'fin-anthracite', 'BASIC'),
  ('CLE', 'fin-cork', 'BASIC'),
  ('PB', 'fin-natural-clay', 'BASIC'),
  ('PB', 'fin-white', 'BASIC'),
  ('PB', 'fin-ivory', 'BASIC'),
  ('PB', 'fin-terracotta-red', 'BASIC'),
  ('PB', 'fin-bordeaux-red', 'BASIC'),
  ('PB', 'fin-deep-blue', 'BASIC'),
  ('PB', 'fin-anthracite', 'BASIC'),
  ('PB', 'fin-cork', 'BASIC'),
  ('PL___PLU', 'fin-natural-clay', 'BASIC'),
  ('PL___PLU', 'fin-white', 'BASIC'),
  ('PL___PLU', 'fin-ivory', 'BASIC'),
  ('PL___PLU', 'fin-terracotta-red', 'BASIC'),
  ('PL___PLU', 'fin-bordeaux-red', 'BASIC'),
  ('PL___PLU', 'fin-deep-blue', 'BASIC'),
  ('PL___PLU', 'fin-anthracite', 'BASIC'),
  ('PL___PLU', 'fin-cork', 'BASIC'),
  ('PT', 'fin-natural-clay', 'BASIC'),
  ('PT', 'fin-white', 'BASIC'),
  ('PT', 'fin-ivory', 'BASIC'),
  ('PT', 'fin-terracotta-red', 'BASIC'),
  ('PT', 'fin-bordeaux-red', 'BASIC'),
  ('PT', 'fin-deep-blue', 'BASIC'),
  ('PT', 'fin-anthracite', 'BASIC'),
  ('PT', 'fin-cork', 'BASIC'),
  ('RB___RBC', 'fin-natural-clay', 'BASIC'),
  ('RB___RBC', 'fin-white', 'BASIC'),
  ('RB___RBC', 'fin-ivory', 'BASIC'),
  ('RB___RBC', 'fin-terracotta-red', 'BASIC'),
  ('RB___RBC', 'fin-bordeaux-red', 'BASIC'),
  ('RB___RBC', 'fin-deep-blue', 'BASIC'),
  ('RB___RBC', 'fin-anthracite', 'BASIC'),
  ('RB___RBC', 'fin-cork', 'BASIC'),
  ('SY___SYD', 'fin-natural-clay', 'BASIC'),
  ('SY___SYD', 'fin-white', 'BASIC'),
  ('SY___SYD', 'fin-ivory', 'BASIC'),
  ('SY___SYD', 'fin-terracotta-red', 'BASIC'),
  ('SY___SYD', 'fin-bordeaux-red', 'BASIC'),
  ('SY___SYD', 'fin-deep-blue', 'BASIC'),
  ('SY___SYD', 'fin-anthracite', 'BASIC'),
  ('SY___SYD', 'fin-cork', 'BASIC'),
  ('TA', 'fin-natural-clay', 'BASIC'),
  ('TA', 'fin-white', 'BASIC'),
  ('TA', 'fin-ivory', 'BASIC'),
  ('TA', 'fin-terracotta-red', 'BASIC'),
  ('TA', 'fin-bordeaux-red', 'BASIC'),
  ('TA', 'fin-deep-blue', 'BASIC'),
  ('TA', 'fin-anthracite', 'BASIC'),
  ('TA', 'fin-cork', 'BASIC'),
  ('TAALO', 'fin-natural-clay', 'BASIC'),
  ('TAALO', 'fin-white', 'BASIC'),
  ('TAALO', 'fin-ivory', 'BASIC'),
  ('TAALO', 'fin-terracotta-red', 'BASIC'),
  ('TAALO', 'fin-bordeaux-red', 'BASIC'),
  ('TAALO', 'fin-deep-blue', 'BASIC'),
  ('TAALO', 'fin-anthracite', 'BASIC'),
  ('TAALO', 'fin-cork', 'BASIC'),
  ('TAH', 'fin-natural-clay', 'BASIC'),
  ('TAH', 'fin-white', 'BASIC'),
  ('TAH', 'fin-ivory', 'BASIC'),
  ('TAH', 'fin-terracotta-red', 'BASIC'),
  ('TAH', 'fin-bordeaux-red', 'BASIC'),
  ('TAH', 'fin-deep-blue', 'BASIC'),
  ('TAH', 'fin-anthracite', 'BASIC'),
  ('TAH', 'fin-cork', 'BASIC'),
  ('TAJ', 'fin-natural-clay', 'BASIC'),
  ('TAJ', 'fin-white', 'BASIC'),
  ('TAJ', 'fin-ivory', 'BASIC'),
  ('TAJ', 'fin-terracotta-red', 'BASIC'),
  ('TAJ', 'fin-bordeaux-red', 'BASIC'),
  ('TAJ', 'fin-deep-blue', 'BASIC'),
  ('TAJ', 'fin-anthracite', 'BASIC'),
  ('TAJ', 'fin-cork', 'BASIC'),
  ('TW', 'fin-natural-clay', 'BASIC'),
  ('TW', 'fin-white', 'BASIC'),
  ('TW', 'fin-ivory', 'BASIC'),
  ('TW', 'fin-terracotta-red', 'BASIC'),
  ('TW', 'fin-bordeaux-red', 'BASIC'),
  ('TW', 'fin-deep-blue', 'BASIC'),
  ('TW', 'fin-anthracite', 'BASIC'),
  ('TW', 'fin-cork', 'BASIC'),
  ('ZB', 'fin-natural-clay', 'BASIC'),
  ('ZB', 'fin-white', 'BASIC'),
  ('ZB', 'fin-ivory', 'BASIC'),
  ('ZB', 'fin-terracotta-red', 'BASIC'),
  ('ZB', 'fin-bordeaux-red', 'BASIC'),
  ('ZB', 'fin-deep-blue', 'BASIC'),
  ('ZB', 'fin-anthracite', 'BASIC'),
  ('ZB', 'fin-cork', 'BASIC'),
  ('ZS', 'fin-natural-clay', 'BASIC'),
  ('ZS', 'fin-white', 'BASIC'),
  ('ZS', 'fin-ivory', 'BASIC'),
  ('ZS', 'fin-terracotta-red', 'BASIC'),
  ('ZS', 'fin-bordeaux-red', 'BASIC'),
  ('ZS', 'fin-deep-blue', 'BASIC'),
  ('ZS', 'fin-anthracite', 'BASIC'),
  ('ZS', 'fin-cork', 'BASIC'),
  ('ZSL', 'fin-natural-clay', 'BASIC'),
  ('ZSL', 'fin-white', 'BASIC'),
  ('ZSL', 'fin-ivory', 'BASIC'),
  ('ZSL', 'fin-terracotta-red', 'BASIC'),
  ('ZSL', 'fin-bordeaux-red', 'BASIC'),
  ('ZSL', 'fin-deep-blue', 'BASIC'),
  ('ZSL', 'fin-anthracite', 'BASIC'),
  ('ZSL', 'fin-cork', 'BASIC');

-- Inventory
INSERT INTO "Inventory" ("id","productId","quantity","lowStockThreshold","warehouse") VALUES
  ('inv-ARON', 'ARON', 4, 2, 'MAIN'),
  ('inv-IRIS', 'IRIS', 4, 2, 'MAIN'),
  ('inv-KALIS', 'KALIS', 4, 2, 'MAIN'),
  ('inv-KORIL', 'KORIL', 4, 2, 'MAIN'),
  ('inv-LEDA', 'LEDA', 4, 2, 'MAIN'),
  ('inv-SEMINA', 'SEMINA', 4, 2, 'MAIN'),
  ('inv-MIRA', 'MIRA', 4, 2, 'MAIN'),
  ('inv-TORSA', 'TORSA', 4, 2, 'MAIN'),
  ('inv-A_Series', 'A_Series', 6, 2, 'MAIN'),
  ('inv-AH_Series', 'AH_Series', 6, 2, 'MAIN'),
  ('inv-AK_Series', 'AK_Series', 6, 2, 'MAIN'),
  ('inv-AMP', 'AMP', 6, 2, 'MAIN'),
  ('inv-AS_Series', 'AS_Series', 6, 2, 'MAIN'),
  ('inv-AU_Series', 'AU_Series', 6, 2, 'MAIN'),
  ('inv-U_Series', 'U_Series', 6, 2, 'MAIN'),
  ('inv-UB', 'UB', 6, 2, 'MAIN'),
  ('inv-UC', 'UC', 6, 2, 'MAIN'),
  ('inv-UE_Series', 'UE_Series', 6, 2, 'MAIN'),
  ('inv-UF_Series', 'UF_Series', 6, 2, 'MAIN'),
  ('inv-UFS', 'UFS', 6, 2, 'MAIN'),
  ('inv-UG', 'UG', 6, 2, 'MAIN'),
  ('inv-UH', 'UH', 6, 2, 'MAIN'),
  ('inv-UM_Series', 'UM_Series', 6, 2, 'MAIN'),
  ('inv-UO', 'UO', 6, 2, 'MAIN'),
  ('inv-UP', 'UP', 6, 2, 'MAIN'),
  ('inv-UQ', 'UQ', 6, 2, 'MAIN'),
  ('inv-UR_Series', 'UR_Series', 6, 2, 'MAIN'),
  ('inv-US_Series', 'US_Series', 6, 2, 'MAIN'),
  ('inv-UT_Series', 'UT_Series', 6, 2, 'MAIN'),
  ('inv-UZ_Series', 'UZ_Series', 6, 2, 'MAIN'),
  ('inv-K_Series', 'K_Series', 6, 2, 'MAIN'),
  ('inv-KKA', 'KKA', 6, 2, 'MAIN'),
  ('inv-KOB___KOS', 'KOB___KOS', 6, 2, 'MAIN'),
  ('inv-KRK', 'KRK', 6, 2, 'MAIN'),
  ('inv-KTL', 'KTL', 6, 2, 'MAIN'),
  ('inv-KX', 'KX', 6, 2, 'MAIN'),
  ('inv-KL', 'KL', 4, 2, 'MAIN'),
  ('inv-O_Series', 'O_Series', 6, 2, 'MAIN'),
  ('inv-OCT', 'OCT', 6, 2, 'MAIN'),
  ('inv-OD___ODB', 'OD___ODB', 6, 2, 'MAIN'),
  ('inv-OE_Series', 'OE_Series', 6, 2, 'MAIN'),
  ('inv-OF_Series', 'OF_Series', 6, 2, 'MAIN'),
  ('inv-OP', 'OP', 6, 2, 'MAIN'),
  ('inv-OV', 'OV', 6, 2, 'MAIN'),
  ('inv-CL_Series', 'CL_Series', 6, 2, 'MAIN'),
  ('inv-CLB', 'CLB', 6, 2, 'MAIN'),
  ('inv-CLG', 'CLG', 6, 2, 'MAIN'),
  ('inv-CLK', 'CLK', 6, 2, 'MAIN'),
  ('inv-CLO', 'CLO', 6, 2, 'MAIN'),
  ('inv-CLT', 'CLT', 6, 2, 'MAIN'),
  ('inv-B_Series', 'B_Series', 6, 2, 'MAIN'),
  ('inv-BC_Series', 'BC_Series', 6, 2, 'MAIN'),
  ('inv-BCH_Series', 'BCH_Series', 6, 2, 'MAIN'),
  ('inv-BL', 'BL', 6, 2, 'MAIN'),
  ('inv-BR_Series', 'BR_Series', 6, 2, 'MAIN'),
  ('inv-BRF_Series', 'BRF_Series', 6, 2, 'MAIN'),
  ('inv-BRL_Series', 'BRL_Series', 6, 2, 'MAIN'),
  ('inv-CC', 'CC', 6, 2, 'MAIN'),
  ('inv-CCL', 'CCL', 6, 2, 'MAIN'),
  ('inv-CK_Series', 'CK_Series', 6, 2, 'MAIN'),
  ('inv-CKL', 'CKL', 6, 2, 'MAIN'),
  ('inv-COP', 'COP', 6, 2, 'MAIN'),
  ('inv-CS_Series', 'CS_Series', 6, 2, 'MAIN'),
  ('inv-CUBE_S', 'CUBE_S', 6, 2, 'MAIN'),
  ('inv-DCL', 'DCL', 6, 2, 'MAIN'),
  ('inv-MF_Series', 'MF_Series', 6, 2, 'MAIN'),
  ('inv-MHR', 'MHR', 6, 2, 'MAIN'),
  ('inv-MK', 'MK', 6, 2, 'MAIN'),
  ('inv-ML', 'ML', 6, 2, 'MAIN'),
  ('inv-MLS', 'MLS', 6, 2, 'MAIN'),
  ('inv-MR_Series', 'MR_Series', 6, 2, 'MAIN'),
  ('inv-MRA', 'MRA', 6, 2, 'MAIN'),
  ('inv-MRB', 'MRB', 6, 2, 'MAIN'),
  ('inv-MRR_Series', 'MRR_Series', 6, 2, 'MAIN'),
  ('inv-MU', 'MU', 6, 2, 'MAIN'),
  ('inv-MUR', 'MUR', 6, 2, 'MAIN'),
  ('inv-HK_Series', 'HK_Series', 6, 2, 'MAIN'),
  ('inv-HKH', 'HKH', 6, 2, 'MAIN'),
  ('inv-HM', 'HM', 6, 2, 'MAIN'),
  ('inv-HV_Series', 'HV_Series', 6, 2, 'MAIN'),
  ('inv-HVF', 'HVF', 6, 2, 'MAIN'),
  ('inv-SB', 'SB', 6, 2, 'MAIN'),
  ('inv-SJ', 'SJ', 6, 2, 'MAIN'),
  ('inv-SO', 'SO', 6, 2, 'MAIN'),
  ('inv-SR_Series', 'SR_Series', 6, 2, 'MAIN'),
  ('inv-SRD', 'SRD', 6, 2, 'MAIN'),
  ('inv-SRS_Series', 'SRS_Series', 6, 2, 'MAIN'),
  ('inv-RR_Series', 'RR_Series', 6, 2, 'MAIN'),
  ('inv-RRH_Series', 'RRH_Series', 6, 2, 'MAIN'),
  ('inv-GR_Series', 'GR_Series', 6, 2, 'MAIN'),
  ('inv-GZL', 'GZL', 6, 2, 'MAIN'),
  ('inv-SP_Series', 'SP_Series', 6, 2, 'MAIN'),
  ('inv-DMB', 'DMB', 6, 2, 'MAIN'),
  ('inv-DT_Series', 'DT_Series', 6, 2, 'MAIN'),
  ('inv-EM_Series', 'EM_Series', 6, 2, 'MAIN'),
  ('inv-Embrace_Bench', 'Embrace_Bench', 6, 2, 'MAIN'),
  ('inv-KH_Seating', 'KH_Seating', 6, 2, 'MAIN'),
  ('inv-MLH', 'MLH', 6, 2, 'MAIN'),
  ('inv-DC_Series', 'DC_Series', 6, 2, 'MAIN'),
  ('inv-FGS___FGR', 'FGS___FGR', 6, 2, 'MAIN'),
  ('inv-IP', 'IP', 6, 2, 'MAIN'),
  ('inv-LC', 'LC', 6, 2, 'MAIN'),
  ('inv-LK', 'LK', 6, 2, 'MAIN'),
  ('inv-LMP', 'LMP', 6, 2, 'MAIN'),
  ('inv-LPS', 'LPS', 6, 2, 'MAIN'),
  ('inv-LR', 'LR', 6, 2, 'MAIN'),
  ('inv-LRC', 'LRC', 6, 2, 'MAIN'),
  ('inv-ADAMAS', 'ADAMAS', 6, 2, 'MAIN'),
  ('inv-ANTHOS', 'ANTHOS', 6, 2, 'MAIN'),
  ('inv-CB', 'CB', 6, 2, 'MAIN'),
  ('inv-CBH_Series', 'CBH_Series', 6, 2, 'MAIN'),
  ('inv-CLE', 'CLE', 6, 2, 'MAIN'),
  ('inv-PB', 'PB', 6, 2, 'MAIN'),
  ('inv-PL___PLU', 'PL___PLU', 6, 2, 'MAIN'),
  ('inv-PT', 'PT', 6, 2, 'MAIN'),
  ('inv-RB___RBC', 'RB___RBC', 6, 2, 'MAIN'),
  ('inv-SY___SYD', 'SY___SYD', 6, 2, 'MAIN'),
  ('inv-TA', 'TA', 6, 2, 'MAIN'),
  ('inv-TAALO', 'TAALO', 6, 2, 'MAIN'),
  ('inv-TAH', 'TAH', 6, 2, 'MAIN'),
  ('inv-TAJ', 'TAJ', 6, 2, 'MAIN'),
  ('inv-TW', 'TW', 6, 2, 'MAIN'),
  ('inv-ZB', 'ZB', 6, 2, 'MAIN'),
  ('inv-ZS', 'ZS', 6, 2, 'MAIN'),
  ('inv-ZSL', 'ZSL', 6, 2, 'MAIN');

-- Featured collection membership
INSERT INTO "ProductCollection" ("productId","collectionId") VALUES
  ('ARON', 'col-featured'),
  ('IRIS', 'col-featured'),
  ('KALIS', 'col-featured'),
  ('KORIL', 'col-featured'),
  ('LEDA', 'col-featured'),
  ('SEMINA', 'col-featured'),
  ('MIRA', 'col-featured'),
  ('TORSA', 'col-featured');

-- Projects
INSERT INTO "Project" ("id","name","location","summary","imageUrl","sort","createdAt") VALUES
  ('proj-0', 'Aman New Delhi', 'New Delhi', 'Monumental U120 vessels in white finish anchoring the grand entrance courtyard.', 'https://wsrv.nl/?url=http%3A%2F%2Fvierkant.pixeo.be%2Fengine%2Fhandlers%2Fimage.asp%3Ft%3Dprojectslides%26i%3D733%26w%3D800%26c%3Dfalse', 0, now()),
  ('proj-1', 'DLF Camellias', 'Gurugram', 'A-Series in taupe grey across private terraces of India''s most prestigious address.', 'https://wsrv.nl/?url=http%3A%2F%2Fvierkant.pixeo.be%2Fengine%2Fhandlers%2Fimage.asp%3Ft%3Dprojectslides%26i%3D725%26w%3D800%26c%3Dfalse', 1, now()),
  ('proj-2', 'Oberoi Udaivilas', 'Udaipur', 'Palace garden restoration — cork-finish AH Series beside the lake-facing terraces.', 'https://wsrv.nl/?url=http%3A%2F%2Fvierkant.pixeo.be%2Fengine%2Fhandlers%2Fimage.asp%3Ft%3Dprojectslides%26i%3D548%26w%3D800%26c%3Dfalse', 2, now()),
  ('proj-3', 'Lodha Altamount', 'Mumbai', 'MF Series in anthracite across rooftop terraces 28 floors above Pedder Road.', 'https://wsrv.nl/?url=http%3A%2F%2Fvierkant.pixeo.be%2Fengine%2Fhandlers%2Fimage.asp%3Ft%3Dprojectslides%26i%3D696%26w%3D800%26c%3Dfalse', 3, now()),
  ('proj-4', 'ITC Grand Bharat', 'Manesar', 'Heritage garden — oversized U Series in natural clay across the golf-side terraces.', 'https://wsrv.nl/?url=http%3A%2F%2Fvierkant.pixeo.be%2Fengine%2Fhandlers%2Fimage.asp%3Ft%3Dprojectslides%26i%3D543%26w%3D800%26c%3Dfalse', 4, now()),
  ('proj-5', 'Hyatt Regency', 'Bengaluru', 'K Pebble series across poolside terraces in off-white and taupe grey finishes.', 'https://wsrv.nl/?url=http%3A%2F%2Fvierkant.pixeo.be%2Fengine%2Fhandlers%2Fimage.asp%3Ft%3Dprojectslides%26i%3D724%26w%3D800%26c%3Dfalse', 5, now());

-- Default pricing rule (BR: rate 93.5, transport 18, packing flat 1500, duty 25, gst 18, profit 25)
INSERT INTO "PricingRule" ("id","name","rate","discountPct","transportPct","packingFlat","dutyPct","gstPct","profitPct","dealerMarkupPct","formulaKey","isActive","createdAt") VALUES
  ('rule-default', 'Default', 93.5, 0, 18, 1500, 25, 18, 25, 0, 'STANDARD', true, now());

-- Settings
INSERT INTO "Setting" ("id","key","value") VALUES
  ('set-company', 'company', '{"name":"Maison Vierkant India","curatedBy":"Watcon","supplier":"Atelier Vierkant"}'::jsonb),
  ('set-tax', 'tax', '{"gstPct":18,"currency":"INR","baseCurrency":"EUR"}'::jsonb),
  ('set-shipping', 'shipping', '{"freeZones":["delhi","new delhi","ncr","noida","gurgaon","gurugram","faridabad","ghaziabad"],"advancePct":50}'::jsonb);

-- Demo customers
INSERT INTO "Customer" ("id","name","createdAt") VALUES
  ('cust-ORD-001', 'Raunak Dev — DLF Camellias', now()),
  ('cust-ORD-002', 'Green Canvas Landscape, Bengaluru', now()),
  ('cust-ORD-003', 'Aman New Delhi', now()),
  ('cust-ORD-004', 'Ananya Mehta — Alibaug Villa', now());

-- Demo orders
INSERT INTO "Order" ("id","number","customerId","status","subtotalInr","totalInr","advanceInr","createdAt","updatedAt") VALUES
  ('ord-ORD-001', 'MVI-ORD-001', 'cust-ORD-001', 'DELIVERED', 1240000, 1240000, 620000, '2026-04-12', now()),
  ('ord-ORD-002', 'MVI-ORD-002', 'cust-ORD-002', 'SHIPPED', 680000, 680000, 340000, '2026-04-28', now()),
  ('ord-ORD-003', 'MVI-ORD-003', 'cust-ORD-003', 'CONFIRMED', 2180000, 2180000, 1090000, '2026-05-02', now()),
  ('ord-ORD-004', 'MVI-ORD-004', 'cust-ORD-004', 'PENDING', 792000, 792000, 396000, '2026-05-18', now());

COMMIT;

-- Summary: 125 products, 466 variants, 6 projects, 4 orders, 6 roles, 5 users.
